臺北市第1選舉區,孫士堅,無
臺北市第1選舉區,陳重文,中國國民黨,陳重文,http://www.facebook.com/576324405733026
臺北市第1選舉區,吳碧珠,中國國民黨
臺北市第1選舉區,陳建銘,台灣團結聯盟,陳建銘,http://www.facebook.com/472611492776354,陳建銘、徐玉蓮夫婦按師聚會,http://www.facebook.com/183957304995248,陳搞銘的秘密基地(陳建銘),http://www.facebook.com/230896777039088
臺北市第1選舉區,潘懷宗,新黨,潘懷宗,http://www.facebook.com/344471032236425,潘懷宗,http://www.facebook.com/540796215986803,潘懷宗老師實驗室的過客們 哈哈,http://www.facebook.com/406912049374663
臺北市第1選舉區,楊靜宇,新黨,楊靜宇,http://www.facebook.com/689271537767258
臺北市第1選舉區,陳政忠,無,台北市議員 陳政忠,http://www.facebook.com/395664323833020,忠信2011(100)級QCa陳政男的月光寶盒歐斯曼菲,http://www.facebook.com/122572841154979,忠信2012(101)級QCB陳政男的月光寶盒歐斯曼菲,http://www.facebook.com/132016436901185,忠信2012(101)級QCC陳政男的月光寶盒歐斯曼菲,http://www.facebook.com/244155575657158
臺北市第1選舉區,黃平洋,中國國民黨,黃平洋,http://www.facebook.com/146984735357489
臺北市第1選舉區,謝維洲,民主進步黨,謝維洲（維骨力）,http://www.facebook.com/602459606485749,"Shepparton,VIC[維多利亞謝珀頓][找工作住宿農場肉工廠]澳洲打工度假背包客同鄉會Job Sharehouse Buy&Sell",http://www.facebook.com/896200220405431
臺北市第1選舉區,王奕凱,無,王奕凱,http://www.facebook.com/665534113525031,王奕凱輔選團隊,http://www.facebook.com/327885217367449
臺北市第1選舉區,賴素如,無
臺北市第1選舉區,吳思瑤,民主進步黨,台北有需要‧請找吳思瑤,http://www.facebook.com/211122988933967
臺北市第1選舉區,林世宗,民主進步黨,綺貞好美，老鍋好閃，阿坤沒品，宇還耍費，林宗變態，世晨帥哥，少君喇叭，,http://www.facebook.com/394392500689712
臺北市第1選舉區,何志偉,民主進步黨,何志偉,http://www.facebook.com/296199430542790
臺北市第1選舉區,陳慈慧,民主進步黨,陳慈慧,http://www.facebook.com/879850045377284
臺北市第1選舉區,汪志冰,中國國民黨,汪志冰,http://www.facebook.com/229103120461172,汪志冰,http://www.facebook.com/453167524757317
臺北市第1選舉區,王威中,民主進步黨,中威會~模型宴王坊!!,http://www.facebook.com/152783741580872,瑤池西王母八字命理哲學姓名學權威研發中心,http://www.facebook.com/1480852708828575,中央高企營8小-八面威風獅子王,http://www.facebook.com/612074752158744
臺北市第1選舉區,林瑞圖,無
臺北市第1選舉區,王小玉,親民黨,親民黨 士林北投區市議員候選人-王小玉,http://www.facebook.com/762677033770542,ACCCF王然玉萱小組,http://www.facebook.com/403126099753184,玉津第一小・王塚台中,http://www.facebook.com/340411416056965
臺北市第1選舉區,王英文,無,王英文老師,http://www.facebook.com/254470754736071,王鈞國中英文,http://www.facebook.com/328267083936764,王鈞高中英文,http://www.facebook.com/258970720960380,英文A組 帥哥王,http://www.facebook.com/214065022136455
臺北市第1選舉區,周佳君,人民民主陣線
臺北市第2選舉區,陳義洲,中國國民黨,台北市議員  陳義洲   服務團隊(內湖.南港區）,http://www.facebook.com/300218690080036,蘆洲 忠義堂 【陳家 池府王爺】,http://www.facebook.com/169390103210631
臺北市第2選舉區,李彥秀,中國國民黨,李彥秀,http://www.facebook.com/606321216096498,幸福力量新台北--力挺台北市李彥秀議員-參加南港區、內湖區立法委員選舉,http://www.facebook.com/200452646642317
臺北市第2選舉區,王孝維,民主進步黨,王孝維粉絲專區,http://www.facebook.com/118060661563380
臺北市第2選舉區,黃珊珊,親民黨,台北市議員黃珊珊,http://www.facebook.com/219146163517,黃珊珊後援會,http://www.facebook.com/214462948603053,黃郁珊,http://www.facebook.com/123700504442954,黃棣珊田徑隊,http://www.facebook.com/654661087888189
臺北市第2選舉區,趙家蓉,新黨,趙家蓉服務讚,http://www.facebook.com/223335004526185
臺北市第2選舉區,陳嘉霖,台灣團結聯盟
臺北市第2選舉區,江志銘,民主進步黨,江志銘情義應援團,http://www.facebook.com/106083882775455,銘傳江志明老師捻花惹草實驗室畢業成員,http://www.facebook.com/617167988324347
臺北市第2選舉區,高嘉瑜,民主進步黨,高嘉瑜,http://www.facebook.com/202188887719,北市高嘉瑜聚樂部,http://www.facebook.com/290913019077
臺北市第2選舉區,李建昌,民主進步黨,台北市議員 - 李建昌,http://www.facebook.com/501219546589507
臺北市第2選舉區,許明偉,無
臺北市第2選舉區,吳世正,中國國民黨,第貳工作室(顏世樺 吳基正 張曦勻),http://www.facebook.com/524540524313111
臺北市第2選舉區,闕枚莎,中國國民黨,I Love 闕枚莎《粉絲團》,http://www.facebook.com/255506127809592,闕枚莎市議員服務團隊,http://www.facebook.com/112569888783317
臺北市第2選舉區,余筱菁,樹黨,余筱菁 【傾聽生命。港湖之心】樹黨台北市議員〈內湖、南港〉候選人,http://www.facebook.com/581447551961046
臺北市第2選舉區,黃子哲,中國國民黨,ULIKE 黃子哲,http://www.facebook.com/232597886942041
臺北市第3選舉區,王博玉,無,王博玉,http://www.facebook.com/336967923121620
臺北市第3選舉區,許家蓓,民主進步黨
臺北市第3選舉區,李卓翰,台灣團結聯盟,李卓翰‧ 台北市松山信義區議員候選人,http://www.facebook.com/621382914593418
臺北市第3選舉區,張茂楠,民主進步黨,張茂楠議員,http://www.facebook.com/577188665668444,張茂楠議員,http://www.facebook.com/489516831152480
臺北市第3選舉區,楊世光,新黨,楊世光的新視野,http://www.facebook.com/362509207185719,楊世光-台北巿松山信義區巿議員競選後援會,http://www.facebook.com/1433298066927119,楊世光,http://www.facebook.com/141679725930299
臺北市第3選舉區,王正德,中國國民黨,台北市議員王正德,http://www.facebook.com/194898240523161,☀媽媽寶貝王國(新社~ 保證正貨~ 歐/美/日/英/德...),http://www.facebook.com/801728516506463,玉旨 屏東王府 福德正神 保安廣澤尊王十三太保 五府千歲 濟公師父 王府元帥,http://www.facebook.com/304155259709838,☆聖覺堂★王家福德正神,http://www.facebook.com/286197961515584
臺北市第3選舉區,楊實秋,中國國民黨,楊實秋,http://www.facebook.com/368933556540616
臺北市第3選舉區,戴錫欽,中國國民黨,用心看戴 戴錫欽,http://www.facebook.com/145882138785925
臺北市第3選舉區,陳永德,中國國民黨,陳永德,http://www.facebook.com/254595674679747,陳德聚堂（臺南市中西區永福路二段152巷20號）,http://www.facebook.com/1437983456465657,新北市蘆洲區永德里里長候選人 陳宥安 後援會,http://www.facebook.com/138079222911507
臺北市第3選舉區,徐世勲,無
臺北市第3選舉區,許淑華,民主進步黨,許淑華粉絲專頁,http://www.facebook.com/130771133668155,許淑華,http://www.facebook.com/310703858982949,許淑華競選團隊,http://www.facebook.com/160164697360460
臺北市第3選舉區,王鴻薇,中國國民黨,王鴻薇,http://www.facebook.com/123312391028414
臺北市第3選舉區,洪健益,民主進步黨,台北市松山信義區市議員 洪健益,http://www.facebook.com/104164796282761
臺北市第3選舉區,陳孋輝,中國國民黨
臺北市第3選舉區,秦慧珠,中國國民黨,台北市議員秦慧珠,http://www.facebook.com/609864022385675
臺北市第3選舉區,洪士奇,親民黨,熱血仁醫洪士奇,http://www.facebook.com/315502581958983
臺北市第3選舉區,潘翰疆,樹黨
臺北市第4選舉區,梁文傑,民主進步黨,台北市議員梁文傑,http://www.facebook.com/263165143757970
臺北市第4選舉區,林亭君,中國國民黨,《六》Alan君正好把菜攜至森林亭子裡,http://www.facebook.com/665193953524509
臺北市第4選舉區,簡聖哲,台灣團結聯盟,幸福選哲-簡聖哲。台北市議員候選人。中山.大同,http://www.facebook.com/754482091229986
臺北市第4選舉區,林婕麗,新黨,林婕麗粉絲團,http://www.facebook.com/449300428506564
臺北市第4選舉區,陳炳甫,中國國民黨,陳炳甫 - 台北市議員參選人（中山區、大同區）,http://www.facebook.com/738395892887235
臺北市第4選舉區,王麗珠,中國國民黨
臺北市第4選舉區,葉林傳,中國國民黨,葉林傳啦啦隊,http://www.facebook.com/422487794430507
臺北市第4選舉區,林國成,親民黨,台北市議員 林國成,http://www.facebook.com/296593002351,雲林國小快樂成長503,http://www.facebook.com/833461293351313,高雄市林園區「提升國民中小學英語學習成效」實驗計畫,http://www.facebook.com/529484080473091,林園國小成員社,http://www.facebook.com/322163534529282
臺北市第4選舉區,王世堅,民主進步黨,王世堅,http://www.facebook.com/140722512660161,王世堅去高空彈跳,http://www.facebook.com/259877454078885
臺北市第4選舉區,黃向羣,民主進步黨,黃向羣,http://www.facebook.com/575925399112006
臺北市第4選舉區,楊鎮雄,無
臺北市第4選舉區,顏若芳,民主進步黨,顏若芳,http://www.facebook.com/234624180072135
臺北市第4選舉區,鍾君竺,人民民主陣線
臺北市第4選舉區,鄭惠齡,樹黨
臺北市第5選舉區,謝建平,台灣團結聯盟
臺北市第5選舉區,劉耀仁,民主進步黨,市議員 劉耀仁,http://www.facebook.com/379038558785110,98級畢製論文指導 劉耀仁組,http://www.facebook.com/120052654804575
臺北市第5選舉區,張榮法,新黨,台北市議員 中正萬華區候選人- 張榮法,http://www.facebook.com/595532860544481
臺北市第5選舉區,吳志剛,中國國民黨,吳志剛,http://www.facebook.com/627875770629369
臺北市第5選舉區,陳蓋武,親民黨,陳蓋武 - 三中一青 蓋有用心,http://www.facebook.com/1423274154617088,陳蓋武-熱忱、犧牲、奉獻,http://www.facebook.com/137247666425413,陳蓋武應援團,http://www.facebook.com/525149640940402,陳蓋武後援會,http://www.facebook.com/234125700111226
臺北市第5選舉區,鍾小平,中國國民黨,鍾小平,http://www.facebook.com/154477784651665,台北市議員  鍾小平  選服平台,http://www.facebook.com/179945792026423
臺北市第5選舉區,郭昭巖,中國國民黨,郭昭巖粉絲團,http://www.facebook.com/217802801759737
臺北市第5選舉區,周威佑,民主進步黨
臺北市第5選舉區,童仲彥,民主進步黨,台灣阿童─童仲彥,http://www.facebook.com/268327718364
臺北市第5選舉區,顏聖冠,民主進步黨,台北市議員顏聖冠,http://www.facebook.com/1654876478071159,顏聖冠議員讓中正萬華區看見未來,http://www.facebook.com/777659382256367
臺北市第5選舉區,應曉薇,中國國民黨
臺北市第5選舉區,徐立信,無,徐立信,http://www.facebook.com/317588188353105
臺北市第5選舉區,林佳諭,樹黨,林佳諭-終結權貴世襲,http://www.facebook.com/1488232781446466
臺北市第5選舉區,黃文章,華聲黨,文章閱讀黃金屋,http://www.facebook.com/218245391649890
臺北市第5選舉區,康明道,無,道明DM康輔社,http://www.facebook.com/263113893726684,道明高中DM康輔社交流版,http://www.facebook.com/837277602957717,五屆道明DM康輔社:-D,http://www.facebook.com/319696348152419
臺北市第6選舉區,聶紹雄,無
臺北市第6選舉區,孫仲康,無
臺北市第6選舉區,王閔生,民主進步黨,台北。生生不息。王閔生,http://www.facebook.com/679034385442770
臺北市第6選舉區,歐陽瑞蓮,台灣團結聯盟,歐陽瑞蓮 台聯台北市大安文山唯一市議員候選人,http://www.facebook.com/719871108096186
臺北市第6選舉區,陳彥伯,新黨,陳彥伯加油團,http://www.facebook.com/131241610248544,反陳彥伯第一小隊,http://www.facebook.com/461028413934123
臺北市第6選舉區,厲耿桂芳,中國國民黨
臺北市第6選舉區,王欣儀,中國國民黨,王欣儀後援會俱樂部,http://www.facebook.com/110857265635748
臺北市第6選舉區,周柏雅,民主進步黨
臺北市第6選舉區,王致雅,中國國民黨,王致雅,http://www.facebook.com/368092106642694
臺北市第6選舉區,阮昭雄,民主進步黨,阮昭雄,http://www.facebook.com/228234588681,阮昭雄服務處慢速壘球隊,http://www.facebook.com/354934307879195,【阮昭雄】水水後援會,http://www.facebook.com/265248746835788
臺北市第6選舉區,李慶鋒,民主進步黨,台北市議員李慶鋒,http://www.facebook.com/275397816006
臺北市第6選舉區,歐陽龍,中國國民黨,歐陽龍,http://www.facebook.com/413440822124998,胖龍貓吃歐阿~in太陽下低勾吹風上廁所!!,http://www.facebook.com/183277001733895,*洪 家 三 展* 歐陽善龍獅團,http://www.facebook.com/307978377809
臺北市第6選舉區,陳錦祥,中國國民黨,台北市議員陳錦祥服務團隊,http://www.facebook.com/153898051318205
臺北市第6選舉區,簡舒培,民主進步黨,簡舒培 台北真速配,http://www.facebook.com/684771781600479
臺北市第6選舉區,謝啟大,無,謝啟大,http://www.facebook.com/871273796233707,謝謝啟民大大~,http://www.facebook.com/1415119295367470,反郭冠/謝啟/郝氏父子-全民大聯盟,http://www.facebook.com/1437160256535885
臺北市第6選舉區,青天,無,青春譜歡唱天地,http://www.facebook.com/269777579733953,天主教會嘉義教區青年團,http://www.facebook.com/101103149958108,天罡活力青少年,http://www.facebook.com/255743544445667
臺北市第6選舉區,李新,中國國民黨,找李新 最放心,http://www.facebook.com/1397471487160736,新營區民榮里里長參選人（李浤銘）,http://www.facebook.com/1488043728092922,台大新生專題(2014秋李建模老師班),http://www.facebook.com/1454051871539286,新竹李老師~關新路六本木音樂園地,http://www.facebook.com/575976415771832
臺北市第6選舉區,何啟聖,親民黨,何啟聖,http://www.facebook.com/272117582815426,職場贏家--何啟聖,http://www.facebook.com/409965280460,何啟聖後援會,http://www.facebook.com/1404236836503465
臺北市第6選舉區,徐弘庭,中國國民黨,徐弘庭,http://www.facebook.com/211229402410278
臺北市第6選舉區,李慶元,中國國民黨
臺北市第6選舉區,丁增義,無
臺北市第6選舉區,潘翰聲,樹黨,潘翰聲,http://www.facebook.com/289170577766745
臺北市第7選舉區,李芳儒,中國國民黨
臺北市第7選舉區,馬耀．谷木,民主進步黨,馬耀谷木,http://www.facebook.com/1469849466584491
臺北市第8選舉區,伊凡諾幹Iban•Nokan,民主進步黨
臺北市第8選舉區,高李茂俊,親民黨,高李茂俊,http://www.facebook.com/1550325625197773
臺北市第8選舉區,李傅中武,中國國民黨,李傅中武,http://www.facebook.com/237449656443409
新北市第1選舉區,呂子昌,民主進步黨,呂子昌,http://www.facebook.com/382603898526084
新北市第1選舉區,王鐘銘,綠黨,Chung-Ming Wang,http://www.facebook.com/150010698510056,王鐘銘：在地扎根，作夥改變！,http://www.facebook.com/252530814954689
新北市第1選舉區,蔡錦賢,無,蔡錦賢,http://www.facebook.com/269017619899884
新北市第1選舉區,鄭宇恩,民主進步黨,鄭宇恩（新北市議員競選專頁）,http://www.facebook.com/1438119759809918,鄭宇恩,http://www.facebook.com/436897596333485,本土王牌 陳鴻文~鄭錡鴻~林煜清~增菘瑋~林恩宇~鄭凱文,http://www.facebook.com/209823379143341
新北市第1選舉區,蔡葉偉,中國國民黨,蔡葉偉,http://www.facebook.com/549527061818974
新北市第1選舉區,鄭戴麗香,中國國民黨
新北市第2選舉區,張晉婷,台灣團結聯盟,張晉婷（婷婷）,http://www.facebook.com/346668102879
新北市第2選舉區,陳科名,民主進步黨,認真讓信任看的見-陳科名,http://www.facebook.com/326715000821935,名間鄉鄉長候選人陳文德後援會中州科技大學觀光休閒系系友會,http://www.facebook.com/311238602388675
新北市第2選舉區,賴秋媚,民主進步黨,新北市議員~賴秋媚,http://www.facebook.com/124136087614077
新北市第2選舉區,何淑峯,民主進步黨
新北市第2選舉區,鍾宏仁,民主進步黨,鍾宏仁-2014新北市第二區新莊、五股、泰山、林口議員參選人,http://www.facebook.com/484876274960636,鍾宏仁青年輔選團隊,http://www.facebook.com/435745989896621
新北市第2選舉區,蔡健棠,中國國民黨
新北市第2選舉區,陳文治,民主進步黨,陳文治,http://www.facebook.com/345145325648153
新北市第2選舉區,黃林玲玲,中國國民黨,黃林玲玲,http://www.facebook.com/215185788625418,成功國中第四屈.黃麗美.楊隆貴.蔡優滋.劉春足.劉怡洵.鄭以坡.林良彬.林善宏.林永旭.吳月娥.江淑玲,http://www.facebook.com/549417351807129
新北市第2選舉區,蔣根煌,中國國民黨,蔣根煌,http://www.facebook.com/268742576664777
新北市第2選舉區,陳明義,中國國民黨,堅持做對的事-陳明義,http://www.facebook.com/109032472496866,陳明義,http://www.facebook.com/741039435958893
新北市第2選舉區,宋明宗,中國國民黨,新北市議員宋明宗,http://www.facebook.com/370716069657784
新北市第2選舉區,蔡淑君,中國國民黨,蔡淑君議員服務處,http://www.facebook.com/548702655239656
新北市第2選舉區,董吉誠,無
新北市第3選舉區,張宸浩,新黨,張宸浩,http://www.facebook.com/1475027269416962
新北市第3選舉區,鄭金隆,民主進步黨,鄭金隆同學會,http://www.facebook.com/241026652752016,鄭金隆議員婦女會,http://www.facebook.com/232076976879004
新北市第3選舉區,鄭世維,中國國民黨,鄭世維,http://www.facebook.com/315463275281794
新北市第3選舉區,陳幸進,中國國民黨
新北市第3選舉區,王詠沛,親民黨
新北市第3選舉區,李坤城,民主進步黨,李坤城,http://www.facebook.com/187848684616254
新北市第3選舉區,李翁月娥,無,李翁月娥,http://www.facebook.com/272384659474649,李翁月娥 【阿娥】,http://www.facebook.com/100903053316279
新北市第3選舉區,蔡明堂,中國國民黨,正派 蔡明堂,http://www.facebook.com/682969731791064
新北市第3選舉區,胡淑蓉,中國國民黨,胡淑蓉,http://www.facebook.com/148881621794734
新北市第3選舉區,陳啟能,民主進步黨,陳啟能 Bua-Chen,http://www.facebook.com/438197729540375
新北市第3選舉區,邱婷蔚,民主進步黨,邱婷蔚,http://www.facebook.com/445776770296
新北市第3選舉區,李余典,民主進步黨,李余典,http://www.facebook.com/146380622053574,新北市議員 李余典 三蘆青年第三團,http://www.facebook.com/655779071135892
新北市第3選舉區,李倩萍,民主進步黨,李倩萍,http://www.facebook.com/178076362204927
新北市第3選舉區,蘇卿彥,無
新北市第3選舉區,蕭榮騰,人民最大黨,陳情達人 蕭榮騰  / 新北市 市議員候選人 - 三重區蘆洲區  / 人民權益的守護者 / 民眾陳情顧問,http://www.facebook.com/582962888461470,蕭榮騰 / 陳情達人- 新北市議員候選人 - 三重.蘆洲,http://www.facebook.com/160006367479424,蕭榮騰 - 陳情達人 : 2014 新北市市議員候選人 - 三重區，蘆洲區,http://www.facebook.com/690669640988795
新北市第3選舉區,董俊良,無,董俊良-新北市三重.蘆洲區市議員候選人,http://www.facebook.com/1484307651844116
新北市第3選舉區,陳良安,台灣團結聯盟,陳良安,http://www.facebook.com/737888806252849
新北市第3選舉區,李丹鳳,人民民主陣線
新北市第3選舉區,黃桂蘭,中國國民黨,黃桂蘭,http://www.facebook.com/309552065727243,黃桂蘭媽咪美髮團,http://www.facebook.com/368808063245054
新北市第4選舉區,蕭貫譽,台灣團結聯盟
新北市第4選舉區,王炳忠,新黨,王炳忠,http://www.facebook.com/1510759872481231,王炳忠公祭,http://www.facebook.com/1480451655517843
新北市第4選舉區,林國春,中國國民黨,林國春,http://www.facebook.com/525981790880949,成功國中第四屈.黃麗美.楊隆貴.蔡優滋.劉春足.劉怡洵.鄭以坡.林良彬.林善宏.林永旭.吳月娥.江淑玲,http://www.facebook.com/549417351807129,民國102年 國立臺灣師範大學林口校區僑生先修部 春1組2班,http://www.facebook.com/535769753124380,新北市議員林國春後援會,http://www.facebook.com/223813885874
新北市第4選舉區,曾煥嘉,中國國民黨,曾煥嘉,http://www.facebook.com/151098644925956,新北市議員曾煥嘉,http://www.facebook.com/171658139639143
新北市第4選舉區,何博文,民主進步黨,何博文粉絲團,http://www.facebook.com/108484559225077
新北市第4選舉區,李婉鈺,無,李婉鈺,http://www.facebook.com/250722614995060,新北市議員 李婉鈺的園地,http://www.facebook.com/151586248228633
新北市第4選舉區,張宏陸,民主進步黨,張宏陸板橋一點通！,http://www.facebook.com/147989921908282,愛新還珠格格(海陸~李晟～張睿~李佳航~潘杰明~路宏~趙麗穎~孫耀琦~高梓淇)的粉絲們都可以來這邊聊天唷~~~~,http://www.facebook.com/370518399674164
新北市第4選舉區,王淑慧,民主進步黨,王淑慧,http://www.facebook.com/1431092593811553,Wang Shu-hui,http://www.facebook.com/111700152179330
新北市第4選舉區,廖裕德,無,廖裕德,http://www.facebook.com/160962427417773,海科系13級廖德裕導生,http://www.facebook.com/153154848227718
新北市第4選舉區,周勝考,中國國民黨,建設 服務 周勝考,http://www.facebook.com/469562983072410
新北市第4選舉區,林水山,民主進步黨,新北市議員林水山,http://www.facebook.com/171202316337374,水林，中尖山；<天城壇>城隍廟,http://www.facebook.com/238125929706448,好山好水在美濃杉林,http://www.facebook.com/312037732311297,樹林社區大學山水花鳥班一陳能梨老師,http://www.facebook.com/241482496034864
新北市第4選舉區,黃俊哲,民主進步黨,新北市議員黃俊哲,http://www.facebook.com/204166666293104,暨大資管-黃俊哲老師家族,http://www.facebook.com/110254962422700
新北市第4選舉區,林世棟,親民黨
新北市第4選舉區,劉美芳,中國國民黨,劉美芳,http://www.facebook.com/161616750567058
新北市第4選舉區,顏德民,無
新北市第4選舉區,趙燕昭,中國國民黨,趙燕昭,http://www.facebook.com/268502170021411
新北市第5選舉區,戴德成,新黨,戴德成 新黨中和服務處,http://www.facebook.com/113673285362139
新北市第5選舉區,陳錦錠,中國國民黨
新北市第5選舉區,張瑞山,民主進步黨
新北市第5選舉區,林朝鑫,無,林朝鑫,http://www.facebook.com/157361207628383
新北市第5選舉區,邱烽堯,中國國民黨,新北市議員--邱烽堯(中和區),http://www.facebook.com/108611469166364,新北市中和邱烽堯市議員競選臉書文宣總部,http://www.facebook.com/124445874265952
新北市第5選舉區,林秀惠,民主進步黨
新北市第5選舉區,江永昌,民主進步黨,新北市議員 江永昌,http://www.facebook.com/662484070514957,佳里子龍廟永昌宮宋江陣,http://www.facebook.com/348522611935633
新北市第5選舉區,金瑞龍,中國國民黨,新北市議員 金瑞龍 粉絲團,http://www.facebook.com/344039272370440,"龍,獅,麒麟貔貅,瑞麟金獅同好會.",http://www.facebook.com/117597374993205,洪氏三瑞堂洪金龍家族,http://www.facebook.com/250167208419616
新北市第5選舉區,游輝宂,無,游輝宂,http://www.facebook.com/547200098628531
新北市第6選舉區,蔡明璋,新黨
新北市第6選舉區,羅文崇,民主進步黨,永和．羅文崇,http://www.facebook.com/1388125228134923
新北市第6選舉區,陳鴻源,中國國民黨,陳鴻源‧愛的行動粉絲團,http://www.facebook.com/137471689613801,陳鴻源,http://www.facebook.com/712383162163173
新北市第6選舉區,金介壽,中國國民黨,介壽35屆黃金922,http://www.facebook.com/112950298771433
新北市第6選舉區,許昭興,民主進步黨,新北市議員許昭興,http://www.facebook.com/1507824592780995
新北市第6選舉區,連斐璠,中國國民黨,連斐璠,http://www.facebook.com/359473244151734
新北市第6選舉區,莊育麟,人民民主陣線
新北市第7選舉區,林明正,新黨,林明正,http://www.facebook.com/1001317079882909,薛正明-士林區仲介討論交流中心,http://www.facebook.com/140613272669789,復興 中正 陽明 丹鳳 國三重 崇光 樹林(影製) 七校<大傳社>交流小天地,http://www.facebook.com/134334676649525,熱帶雨林柳丁班(100學年度明正六丁),http://www.facebook.com/316300811736242
新北市第7選舉區,朱彥華,無
新北市第7選舉區,陳世榮,無,陳世榮 Never Stop！,http://www.facebook.com/704812709574306,陳世榮,http://www.facebook.com/1446246972308750
新北市第7選舉區,歐金獅,民主進步黨
新北市第7選舉區,吳琪銘,民主進步黨,吳琪銘,http://www.facebook.com/622028857838106,吳琪銘女子才藝學苑,http://www.facebook.com/215746101910526
新北市第7選舉區,彭成龍,民主進步黨,新北市議員 彭成龍,http://www.facebook.com/683281021779835,新北市市議員彭成龍服務處壘球隊,http://www.facebook.com/848186361860905,新北市議員『彭成龍』服務團隊→　青　年　軍　←,http://www.facebook.com/167815696570348
新北市第7選舉區,黃永昌,中國國民黨,黃永昌,http://www.facebook.com/169256566473180,鶯歌區永昌里黃金資收站,http://www.facebook.com/426501000805924,☼明潭國小導師張永昌跟黃寶貴,http://www.facebook.com/380207088728992
新北市第7選舉區,李宜潔,台灣團結聯盟,李宜潔-新北市議員候選人,http://www.facebook.com/1393545017582702
新北市第7選舉區,廖本煙,民主進步黨,廖本煙（煙仔）,http://www.facebook.com/605234172901002,廖本煙 鶯歌青年團,http://www.facebook.com/156787424398538
新北市第7選舉區,朱子孟,中國國民黨,"朱尼爾第五屆(猛聞...Ya!加汗,蕭智軒,詹雅淇, 楊孟哲,趙子賢,蘇育葳,陳思穎,蕭至軒, 屎囊 , 洗澤,高念安)",http://www.facebook.com/226217854088856
新北市第7選舉區,洪佳君,中國國民黨,黃志雄&洪佳君,http://www.facebook.com/192038527523436
新北市第7選舉區,蘇有仁,無,蘇有仁後援會,http://www.facebook.com/716524278411257
新北市第7選舉區,楊木萬,綠黨,楊木萬,http://www.facebook.com/322970544549549,楊木萬,http://www.facebook.com/1474266332851865
新北市第7選舉區,林銘仁,民主進步黨,新北市議員林銘仁,http://www.facebook.com/390752954330193
新北市第7選舉區,高敏慧,民主進步黨,--- 高敏慧 Super VVIP ---,http://www.facebook.com/451832341559547,永遠懷念高級消防隊長陳慧敏,http://www.facebook.com/144092298950931
新北市第7選舉區,薛永華,親民黨,薛永華,http://www.facebook.com/126907860696812
新北市第7選舉區,林富子,中國國民黨,林富子,http://www.facebook.com/173809599485151,森林中最富有的獅子王辛 八小~,http://www.facebook.com/632636893593187,桃邑富林 永生宮 木吒二太子,http://www.facebook.com/255791801125091,康祥(松順)慢速壘球隊屏東市代表會.顧問林協松.莊永.領隊楊順安.嚴淑裕..教練:王永翔.管理/聯絡:左撇子.財務:方胃富.,http://www.facebook.com/1397302900502261
新北市第7選舉區,林金結,中國國民黨,林金結,http://www.facebook.com/659037314174633,林震妹和庭妮結婚金雞會,http://www.facebook.com/196091177170712
新北市第7選舉區,王明麗,中國國民黨,王明麗議員,http://www.facebook.com/130976340286411,王明麗,http://www.facebook.com/143468122381087,王胡麗明幼稚園校友會,http://www.facebook.com/278643078815613,東華三院王胡麗明幼稚園,http://www.facebook.com/144876178901070
新北市第7選舉區,羅友志,無,有事找友志 新北市議員 參選人 羅友志 -第七選區 土城、樹林、三峽、鶯歌,http://www.facebook.com/524229864278972,羅林山友太平山志工隊,http://www.facebook.com/277591079001759,支持羅志祥的朋友們,http://www.facebook.com/362554257133534,永不離開的朋友-羅志祥,http://www.facebook.com/1375717235973592
新北市第7選舉區,臧家宜,無,臧家宜,http://www.facebook.com/244881572214552
新北市第8選舉區,何孟哲,新黨,【孟幻選哲】新北市議員參選人 何孟哲 大新店區,http://www.facebook.com/340657852759441,何孟哲很愛蕭如璇,http://www.facebook.com/129139773960947
新北市第8選舉區,金中玉,無,。六中隊之金枝玉葉。,http://www.facebook.com/327476090620989,惠淳手工坊（各種中國結線材。翡翠玉石。五金批發零售）,http://www.facebook.com/316458007133,紅金寶石業玉石批發中心,http://www.facebook.com/290591651055953
新北市第8選舉區,王美月,中國國民黨,王美月,http://www.facebook.com/1440501652881602,NTV7全新本地电视剧 <黑色夕阳>2012年1月5日播出。剧中主要演员巫恩仪、王冠逸、章缜翔、王淑君、李美玲。。。,http://www.facebook.com/211751795541073,"大量收購去世明星絕版cd,演唱會dvd,演唱會vcd!新藝寶金碟!美國版金碟,光輝歲月金碟套裝!鄧麗君舊版十五周年金碟!王菲金碟舊版",http://www.facebook.com/451036384928544,"大量收購去世明星絕版cd,演唱會dvd,演唱會vcd!新藝寶金碟!美國版金碟,光輝歲月金碟套裝!鄧麗君舊版十五周年金碟!王菲金碟舊版",http://www.facebook.com/333817626706124
新北市第8選舉區,劉哲彰,中國國民黨,新北市議員 劉哲彰,http://www.facebook.com/285691048228640
新北市第8選舉區,廖筱清,民主進步黨,廖筱清,http://www.facebook.com/133435130009587
新北市第8選舉區,陳永福,民主進步黨,新北市議員 陳永福,http://www.facebook.com/162701220453187,陳永福,http://www.facebook.com/247927698566359,陳德聚堂（臺南市中西區永福路二段152巷20號）,http://www.facebook.com/1437983456465657
新北市第8選舉區,陳儀君,中國國民黨,新北市議員－陳儀君,http://www.facebook.com/187378594632559,陳儀君,http://www.facebook.com/833346793365176,李思玟 . 陳沛君 . 賴以珊 . 黃馨儀 粉絲團XDDD,http://www.facebook.com/289740857805841,領袖專訪-新北市議員 陳儀君,http://www.facebook.com/112822498827587
新北市第8選舉區,邱九桁,親民黨,親民黨邱九桁新北市議員競選第8選區新店深坑坪林石碇烏來唯一提名,http://www.facebook.com/314521808703737,邱九桁教授馬來西亞整脊團隊,http://www.facebook.com/1480906215456309
新北市第9選舉區,高天助,無,高天助服務處,http://www.facebook.com/569691933126564,高天助後援會,http://www.facebook.com/1500525836857090,"高雄紙片人代表協會(吃不胖救命,我們需要您的協助,一天一珍奶,瘦子胖起來)",http://www.facebook.com/116354261760829,[高 天 助 後 援 會 ]/[國民黨],http://www.facebook.com/463838103749320,新北市議員後選人 高天助 後援會,http://www.facebook.com/196674900531350
新北市第9選舉區,廖秀雄,無,廖秀雄議員,http://www.facebook.com/597047873742466
新北市第9選舉區,林讚枝,中國國民黨,林讚枝粉絲團,http://www.facebook.com/531014453678691
新北市第9選舉區,林裔綺,民主進步黨,林裔綺粉絲團,http://www.facebook.com/1410569355864524
新北市第9選舉區,吳清風,無,新北清新風。吳清風,http://www.facebook.com/157233377680476
新北市第9選舉區,謝簡,中華民主向日葵憲政改革聯盟,簡便宣教運動-謝飯祈禱,http://www.facebook.com/340084326021385,幫我一件事謝謝很簡單><,http://www.facebook.com/769739819702949,CSO由於人突然變多了謝謝配合請先看好社團簡介,http://www.facebook.com/461314160650313
新北市第10選舉區,周雅玲,民主進步黨,新北市議員 周雅玲 粉絲團,http://www.facebook.com/1393708917511044,民主進歩黨(周雅玲)金山後援會。,http://www.facebook.com/331866283607608
新北市第10選舉區,廖正良,中國國民黨,新北市議員廖正良,http://www.facebook.com/151057858270504
新北市第10選舉區,白珮茹,中國國民黨,新北市議員白珮茹(汐止金山萬里),http://www.facebook.com/195959880437203
新北市第10選舉區,沈發惠,民主進步黨,新北市議員  沈發惠,http://www.facebook.com/154827457985222,沈發惠議員金山服務處,http://www.facebook.com/1388835641352520
新北市第10選舉區,黃瑞傳,無
新北市第10選舉區,李玉蘭,無,新北市市議員參選人-李玉蘭（金山、萬里、汐止區）,http://www.facebook.com/846792418677822
新北市第11選舉區,宋雨蓁,中國國民黨,新北市議員候選人（平地原住民）-  宋雨蓁  Nikar. Falong,http://www.facebook.com/1455925417993540
新北市第11選舉區,忠仁•達祿斯,中國國民黨
新北市第11選舉區,陳家梅,中國國民黨,陳皮梅家族,http://www.facebook.com/1398370333707720,梅君的陳家可愛家族,http://www.facebook.com/176444992387554,我們這一大家族(陳楊梅),http://www.facebook.com/584461448244845
新北市第11選舉區,夷將･拔路兒Icyang･Parod,民主進步黨
新北市第11選舉區,楊春妹,中國國民黨,楊春妹 Dongi,http://www.facebook.com/153072211392685
新北市第11選舉區,張天明,無,天使社團(張明社團...國二),http://www.facebook.com/383973678347431,愛新還珠格格(海陸~李晟～張睿~李佳航~潘杰明~路宏~趙麗穎~孫耀琦~高梓淇)的粉絲們都可以來這邊聊天唷~~~~,http://www.facebook.com/370518399674164,正一張府天師 台中壽明宮[FB社群],http://www.facebook.com/121287604638502
新北市第12選舉區,寶杜巴燕Bawtu･Payen,民主進步黨
新北市第12選舉區,王建章,中國國民黨,江翠國小六年八班　導師：王建章,http://www.facebook.com/166376500049918
新北市第12選舉區,陳勝榮,親民黨,陳勝榮,http://www.facebook.com/360345380648803
桃園市第1選舉區,黃婉如,中國國民黨,黃婉如愛您粉絲團,http://www.facebook.com/251046764969580
桃園市第1選舉區,陳宗義,民主進步黨,陳宗義,http://www.facebook.com/703918662989664,陳宗義,http://www.facebook.com/1379956275558514,嘉義陳氏宗親會,http://www.facebook.com/218168611541218,水客行-嘉義灣內水客行陳氏宗族,http://www.facebook.com/110368842381160
桃園市第1選舉區,詹江村,中國國民黨,馬友會~召集人詹江村,http://www.facebook.com/303400949675041
桃園市第1選舉區,邱素芬,民主進步黨,邱素芬,http://www.facebook.com/1425556471059665,邱素芬服務處慢速壘球隊,http://www.facebook.com/564435986914715
桃園市第1選舉區,洪文璋,無,洪文璋,http://www.facebook.com/341906189320461
桃園市第1選舉區,廖輝星,民主進步黨,廖輝星議員,http://www.facebook.com/1517478908478357,萬千星輝李鄧廖楊梁,http://www.facebook.com/7035004619
桃園市第1選舉區,林國政,親民黨,竹林國小六年六班(40屆林志行、陳志政老師班),http://www.facebook.com/454614974584687,杉林國中一年級-公民+家政+社團,http://www.facebook.com/234128983382405,支持 全國政協委員潘慶林建議恢復使用正體字,http://www.facebook.com/146181570006
桃園市第1選舉區,黃智銘,民主進步黨,黃智銘議員 像家人一樣挺您,http://www.facebook.com/141882516000500
桃園市第1選舉區,黃哲鍾,無黨團結聯盟
桃園市第1選舉區,萬美玲,中國國民黨,萬美玲粉絲團,http://www.facebook.com/119465751469140,淑美老師 是林志玲  萬歲!!!,http://www.facebook.com/341023589318908
桃園市第1選舉區,黃景熙,民主進步黨,黃景熙,http://www.facebook.com/1442211956015694,黃景熙,http://www.facebook.com/1466487646913477
桃園市第1選舉區,陳美梅,中國國民黨,陳美梅 議員,http://www.facebook.com/222088311297134
桃園市第1選舉區,楊添丁,無,楊添丁,http://www.facebook.com/699180270158329
桃園市第1選舉區,林政賢,中國國民黨
桃園市第1選舉區,張勝豐,新黨,張勝豐,http://www.facebook.com/491076247674108,張勝豐的新視野,http://www.facebook.com/420580401405373,張勝豐&Unity舞道館,http://www.facebook.com/130360326979310
桃園市第1選舉區,范綱祥,民主進步黨,范綱祥 律師/環工技師,http://www.facebook.com/265164976140
桃園市第1選舉區,李光達,台灣團結聯盟,李光達愛桃園,http://www.facebook.com/124527090974795
桃園市第1選舉區,王信涵,無
桃園市第1選舉區,羅岳峰,綠黨
桃園市第1選舉區,蘇家明,中國國民黨,蘇家明,http://www.facebook.com/695715217151771,蘇家御花園｜明日幾時有，把酒問青天,http://www.facebook.com/531928473587839
桃園市第1選舉區,黃莅程,無,無黨籍桃園市議員參選人黃莅程,http://www.facebook.com/1518909188354395
桃園市第1選舉區,李曉鐘,中國國民黨
桃園市第1選舉區,簡梓倡,無,桃園市市議員候選人 簡梓倡,http://www.facebook.com/623621364421702
桃園市第1選舉區,史碩仁,無
桃園市第1選舉區,賀光卍,人民民主陣線
桃園市第2選舉區,陳志謀,民主進步黨,陳志謀 加油粉絲團,http://www.facebook.com/661090327295672
桃園市第2選舉區,林俐玲,民主進步黨,桃園縣議員林俐玲,http://www.facebook.com/496709473711305
桃園市第2選舉區,林正峰,中國國民黨,㊣台灣柏林茶莊㊣來自新竹五峰鄉㊣春~秋~冬~的茶葉 ㊣,http://www.facebook.com/403823762977304
桃園市第2選舉區,王家一,無,看得見，咱ㄟ議員。王家一,http://www.facebook.com/672357669514269,王子一號的家族~,http://www.facebook.com/1419931638239016,王家一族,http://www.facebook.com/196133023751036,王家一家親~~大集合,http://www.facebook.com/518702768208690
桃園市第2選舉區,李雲強,中國國民黨
桃園市第2選舉區,李麗珠,中國國民黨,愛新還珠格格(海陸~李晟～張睿~李佳航~潘杰明~路宏~趙麗穎~孫耀琦~高梓淇)的粉絲們都可以來這邊聊天唷~~~~,http://www.facebook.com/370518399674164
桃園市第2選舉區,許森能,無,桃園縣議員 許森能,http://www.facebook.com/695908580468459
桃園市第3選舉區,劉茂羣,中國國民黨
桃園市第3選舉區,呂林小鳳,民主進步黨,議員呂林小鳳,http://www.facebook.com/289737517861488
桃園市第3選舉區,蔡永芳,民主進步黨
桃園市第3選舉區,趙正宇,無
桃園市第3選舉區,鄭銀福,無,八德區市議員候選人鄭銀福,http://www.facebook.com/775281385869504
桃園市第3選舉區,林玉娟,無,市民代表林玉娟,http://www.facebook.com/506045726144866
桃園市第3選舉區,王國棟,中國國民黨,王國棟,http://www.facebook.com/514978188536627,桃園市議員候選人 王國棟,http://www.facebook.com/1429591397294850,王棟材父子國術院9樓,http://www.facebook.com/223493657828675
桃園市第3選舉區,張文瑜,無,張晨瑜-西班牙文-學群AB班,http://www.facebook.com/1534134316822006,"朱尼爾第九屆 (黃俊泰,曾怡嘉, 詹文瑜 陳昱廷 張峻..錕笙...Mini Amy)",http://www.facebook.com/235903913115969
桃園市第3選舉區,彭少康,新黨,彭少康Hunter S.K. Peng,http://www.facebook.com/1451085735107191,少康中興—彭少康競選網路後援會,http://www.facebook.com/538792499583675
桃園市第3選舉區,陳松福,無
桃園市第3選舉區,賴維哲,無
桃園市第3選舉區,呂淑真,中國國民黨,衣甸園呂淑真,http://www.facebook.com/386869574691121
桃園市第3選舉區,何正森,中國國民黨,何正森,http://www.facebook.com/420309834724469
桃園市第3選舉區,鍾孝彥,無,八德才兼備-鍾孝彥議員,http://www.facebook.com/1529651550597261
桃園市第4選舉區,吳寶玉,無
桃園市第4選舉區,陳麗莉,中國國民黨,陳麗莉‧員圓舞蹈團,http://www.facebook.com/424491720991023,302高中導師是陳美麗，班長是楊鎧綸，副班長是林芊莉,http://www.facebook.com/170622822995090
桃園市第4選舉區,張桂綿,中國國民黨,張桂綿,http://www.facebook.com/647147005375729,蘆竹大美女--張桂綿粉絲團,http://www.facebook.com/111276622250667
桃園市第4選舉區,許清順,民主進步黨
桃園市第4選舉區,郭麗華,民主進步黨,華麗標準舞蹈協會(Miss馮&郭Sir),http://www.facebook.com/236905106345685
桃園市第4選舉區,袁慧心,新黨
桃園市第4選舉區,李訓求,中國國民黨
桃園市第4選舉區,劉勝全,無
桃園市第5選舉區,游吾和,民主進步黨
桃園市第5選舉區,徐其萬,中國國民黨,徐其萬,http://www.facebook.com/414129755322549,徐其萬．信賴首選,http://www.facebook.com/1424904337764519
桃園市第5選舉區,王淳長,無
桃園市第6選舉區,黃智信,民主進步黨,黃智信競選網路服務處,http://www.facebook.com/1664351357123702,打爆黃信智!!,http://www.facebook.com/129009307185850
桃園市第6選舉區,曾慶章,民主進步黨
桃園市第6選舉區,陳治文,民主進步黨,陳治文,http://www.facebook.com/176165839139272
桃園市第6選舉區,楊朝偉,中國國民黨
桃園市第6選舉區,李柏坊,中國國民黨,桃園縣議員李柏坊,http://www.facebook.com/1522544651305471
桃園市第6選舉區,邱秀芬,民主進步黨
桃園市第6選舉區,李洋宇,無
桃園市第6選舉區,張振源,無
桃園市第6選舉區,邱創良,無
桃園市第6選舉區,邱伶樺,無
桃園市第7選舉區,彭俊豪,民主進步黨,彭俊豪,http://www.facebook.com/485136741630414
桃園市第7選舉區,梁為超,中國國民黨,桃園縣議員梁為超,http://www.facebook.com/213646928757562
桃園市第7選舉區,邱奕勝,中國國民黨
桃園市第7選舉區,謝偉孝,無
桃園市第7選舉區,徐景文,民主進步黨,徐匯 景文 衛理 三校熱音成發,http://www.facebook.com/571322236223309,景文技術學院在職班90級企管系，班長是徐盛祥,http://www.facebook.com/241824129227701
桃園市第7選舉區,賴立竹,親民黨,中壢優先 賴立竹,http://www.facebook.com/140397062741642
桃園市第7選舉區,劉威德,無,劉威德,http://www.facebook.com/311881158910810
桃園市第7選舉區,黃傅淑香,民主進步黨,桃園縣議員 - 黃傅淑香,http://www.facebook.com/124466877613761
桃園市第7選舉區,袁明星,民主進步黨,袁明星,http://www.facebook.com/765274450153847
桃園市第7選舉區,劉安祺,無,劉安祺粉絲團,http://www.facebook.com/265994436929647
桃園市第7選舉區,葉鄭秀蘋,無,葉鄭秀蘋,http://www.facebook.com/1431682107110658
桃園市第7選舉區,吳正群,新黨,中壢阿正-吳正群,http://www.facebook.com/745130452213873
桃園市第7選舉區,彭秀涵,無
桃園市第7選舉區,沐平波,中國國民黨,沐平波粉絲團,http://www.facebook.com/551463811640895
桃園市第7選舉區,王浩宇,綠黨,王浩宇,http://www.facebook.com/648478455194867,王浩宇粉絲後援會,http://www.facebook.com/138614186271664,反我是中壢人王浩宇粉斯團,http://www.facebook.com/666985570034179
桃園市第7選舉區,葉明月,中國國民黨
桃園市第7選舉區,劉曾玉春,無
桃園市第7選舉區,魯明哲,中國國民黨,魯明哲,http://www.facebook.com/287085311410225
桃園市第7選舉區,黃治東,台灣團結聯盟
桃園市第7選舉區,張運炳,無,張運炳　無黨籍中壢區市議員 參選人,http://www.facebook.com/266981086840920
桃園市第7選舉區,梁新武,無
桃園市第7選舉區,蔣中千,無黨團結聯盟
桃園市第8選舉區,莊訓基,親民黨,莊訓基,http://www.facebook.com/165337153614687,莊訓基,http://www.facebook.com/292368460928860
桃園市第8選舉區,黃李月琴,無,黃李月琴,http://www.facebook.com/687639821254329
桃園市第8選舉區,陳志偉,民主進步黨,陳志偉粉絲團,http://www.facebook.com/278498732233379,陳偉志跟13找大家來去闢旅,http://www.facebook.com/129779370372098,"全民聲討黃毓民, 陳偉業, 陳志全,梁國雄,李卓人!!  屌撚鳩你啦! 五條打靶仔!!",http://www.facebook.com/645458222147556
桃園市第8選舉區,黃敬平,中國國民黨,黃敬平,http://www.facebook.com/212090818831990
桃園市第8選舉區,劉邦鉉,無
桃園市第8選舉區,莊玉光,無
桃園市第8選舉區,謝彰文,中國國民黨,桃園縣議員謝彰文,http://www.facebook.com/231166646906681
桃園市第8選舉區,林德忠,無
桃園市第8選舉區,劉仁照,民主進步黨,劉仁照,http://www.facebook.com/699398610097783
桃園市第8選舉區,舒翠玲,中國國民黨,舒翠玲,http://www.facebook.com/102411719983,舒翠玲立委初選後援會,http://www.facebook.com/128787183873694
桃園市第8選舉區,楊家俍,民主進步黨
桃園市第8選舉區,陳萬得,中國國民黨,以陳萬得為大頭目的陳家兄弟姐妹,http://www.facebook.com/223642981144060
桃園市第8選舉區,黃國華,臺灣建國黨,中華民國黃埔陸軍官校校友慢壘聯盟會,http://www.facebook.com/131181853653765,志航國小 6年6班 (5、6年級：黃勝三、3、4年級導師：黃華娥、2年級：向春美、1年級：洪美惠),http://www.facebook.com/533205943426530,才華橫溢 ─ 黃子華國際後援會,http://www.facebook.com/290812742763
桃園市第8選舉區,湯琳翔,綠黨,平鎮 永續 湯琳翔,http://www.facebook.com/478416565603453
桃園市第8選舉區,王珮毓,無,平鎮好好。王珮毓  市議員候選人,http://www.facebook.com/1375535776025245
桃園市第8選舉區,羅文欽,無,羅文欽,http://www.facebook.com/635134253207764
桃園市第8選舉區,莊玉輝,無
桃園市第8選舉區,陳章程,無
桃園市第8選舉區,張若彤,無
桃園市第9選舉區,陳秀玲,無,陳秀玲,http://www.facebook.com/503538806428982,陳秀玲 Lab,http://www.facebook.com/244492965650756
桃園市第9選舉區,李家興,中國國民黨,李建興教授家族成員,http://www.facebook.com/488626514493928,新興李氏家族,http://www.facebook.com/179324638782377,帶領著李家興興向榮支持後援會,http://www.facebook.com/513775022036919
桃園市第9選舉區,陳賴素美,民主進步黨
桃園市第9選舉區,周玉琴,中國國民黨
桃園市第9選舉區,張火爐,民主進步黨
桃園市第9選舉區,林羅春,無
桃園市第9選舉區,彭基原,無,桃園市（326）楊梅區市議員候選人”彭基原“臉書後援會,http://www.facebook.com/699539096800262
桃園市第9選舉區,姜水浪,台灣主義黨
桃園市第10選舉區,張肇良,民主進步黨,張肇良服務團隊,http://www.facebook.com/829253007099726
桃園市第10選舉區,黃榮煥,無
桃園市第10選舉區,廖威森,無,龍潭未來 廖威森,http://www.facebook.com/276739689190409,龍潭未來-廖威森,http://www.facebook.com/1493280514254861
桃園市第10選舉區,徐玉樹,中國國民黨
桃園市第10選舉區,羅銀珍,無
桃園市第10選舉區,劉熒隆,無
桃園市第10選舉區,林鴻斌,無
桃園市第10選舉區,閻中傑,中國國民黨,閻中傑＊競選服務團隊粉絲團,http://www.facebook.com/1498235160422642
桃園市第10選舉區,游良福,無
桃園市第11選舉區,陳睿生,民主進步黨,陳睿生,http://www.facebook.com/661688540562234
桃園市第11選舉區,邱佳亮,無
桃園市第12選舉區,郭榮宗,民主進步黨,郭榮宗粉絲團,http://www.facebook.com/219984623285
桃園市第12選舉區,吳宗憲,中國國民黨,吳宗憲,http://www.facebook.com/312419755503279,吳宗憲,http://www.facebook.com/187383691276633,吳宗憲粉絲團,http://www.facebook.com/144364642310750,JACKsters (吳宗憲 Jacky Wu) fans group,http://www.facebook.com/539679579402704
桃園市第12選舉區,歐炳辰,無
桃園市第12選舉區,廖薛文,無
桃園市第13選舉區,林志強,無,林志強朋友社團,http://www.facebook.com/1438575293096972
桃園市第13選舉區,王仙蓮,中國國民黨
桃園市第13選舉區,吳春芳,中國國民黨,吳春芳 - DAWA,http://www.facebook.com/313374398825243
桃園市第13選舉區,洪國彰,無,洪國彰  桃園縣平地原住民市議員候選人,http://www.facebook.com/700075703408904
桃園市第13選舉區,林金來,無,桃園市平地原住民市議員候選人 林金來,http://www.facebook.com/1521671838063483,復華三零貳之想念可愛的金媽馮奶阿來林陸<3,http://www.facebook.com/334087413349318
桃園市第13選舉區,林永財,無,康祥(松順)慢速壘球隊屏東市代表會.顧問林協松.莊永.領隊楊順安.嚴淑裕..教練:王永翔.管理/聯絡:左撇子.財務:方胃富.,http://www.facebook.com/1397302900502261,士林湳雅永安社財神會,http://www.facebook.com/503519926381014
桃園市第13選舉區,楊進福,中國國民黨
桃園市第13選舉區,林景騰,無
桃園市第14選舉區,陳瑛,中國國民黨,陳瑛治老師,http://www.facebook.com/523450977702440,b97陳昭瑛大一國文課,http://www.facebook.com/112159458821627,陳瑛大姐百歲華誕壽宴籌委會,http://www.facebook.com/193667290735967
桃園市第14選舉區,林信義,中國國民黨,Lin Hsin-i,http://www.facebook.com/167889946703821,陽光森林信義校-Sunshine SinYi,http://www.facebook.com/364993986965612,林美慧老師信義社大烹飪班,http://www.facebook.com/183968021801732,信義房屋 林口區大團結,http://www.facebook.com/148208618565974
桃園市第14選舉區,邱志成,無,邱志成-桃園市山地原住民市議員參選人,http://www.facebook.com/701008856653170,邱志成,http://www.facebook.com/291449837693847
桃園市第14選舉區,蘇志強,無,蘇志強,http://www.facebook.com/700840283328037
臺中市第1選舉區,李榮鴻,中國國民黨,鴻和樂榮融 家李鳳凰飛,http://www.facebook.com/214544178598556,臺中市市議員李榮鴻專頁,http://www.facebook.com/161752310512755
臺中市第1選舉區,吳敏濟,民主進步黨,經濟系吳聰敏經原班,http://www.facebook.com/269512916458819
臺中市第1選舉區,楊永昌,中國國民黨,楊永昌市議員後援會,http://www.facebook.com/280263675486509
臺中市第1選舉區,林素眞,無,林素眞 台中市議員參選人〈大甲、大安、外埔〉,http://www.facebook.com/135680513115179
臺中市第1選舉區,吳鶴鵬,無
臺中市第2選舉區,張清照,中國國民黨
臺中市第2選舉區,顏莉敏,中國國民黨,顏莉敏,http://www.facebook.com/251172641748289
臺中市第2選舉區,楊典忠,民主進步黨,台中市議員楊典忠,http://www.facebook.com/435252209905245
臺中市第2選舉區,陳廷秀,無,挺秀-陳廷秀青年軍,http://www.facebook.com/251243651751382
臺中市第2選舉區,尤碧鈴,無,尤碧鈴,http://www.facebook.com/653206224771358
臺中市第2選舉區,王立任,民主進步黨,王立任,http://www.facebook.com/757796284265194,王立任前進市議會 之 超級重要青年大軍,http://www.facebook.com/711506195563328,台灣北投區北投正統王爺總廟主神范布聖王爺慈善基金會成立大會主任委員,http://www.facebook.com/264170170444664,王廷升立委將在2011年12月21日抽到的號碼是1號，也就是說一馬當先，還是要在拜託花蓮鄉親好朋友，全力繼續支持王廷升立委，讓王廷升立委在繼續當選連任,http://www.facebook.com/289920911021216
臺中市第2選舉區,程凱力,親民黨,程凱力-親民黨提名台中市議員候選人,http://www.facebook.com/875961402427003
臺中市第2選舉區,陳詩哲,無
臺中市第2選舉區,陳年添,台灣團結聯盟
臺中市第3選舉區,黃錫嘉,無
臺中市第3選舉區,劉淑蘭,民主進步黨
臺中市第3選舉區,張正興,無,台中市議員參選人 張正興 - 大肚/烏日/龍井,http://www.facebook.com/636101619796851
臺中市第3選舉區,陳世凱,民主進步黨,陳世凱搞笑正傳俱樂部,http://www.facebook.com/363271480440021,立委補選候選人--陳世凱 青年大軍,http://www.facebook.com/130962453728840
臺中市第3選舉區,吳瓊華,中國國民黨,臺中市議員吳瓊華,http://www.facebook.com/248678121978423
臺中市第3選舉區,林汝洲,中國國民黨
臺中市第3選舉區,林士昌,中國國民黨,士林文昌國小,http://www.facebook.com/95804531722,臺北市士林區文昌國民小學田徑隊～專屬粉絲團,http://www.facebook.com/314379898704043,士林文昌.淡水英專.大同昌吉.『50嵐』,http://www.facebook.com/225745944125465
臺中市第4選舉區,吳富亭,台灣團結聯盟
臺中市第4選舉區,謝志忠,民主進步黨,熱血芒果謝志忠,http://www.facebook.com/273405599531455
臺中市第4選舉區,翁美春,民主進步黨,628翁美春服務處,http://www.facebook.com/455760934457865
臺中市第4選舉區,陳本添,中國國民黨
臺中市第4選舉區,陳清龍,無,陳清龍(Jacky Chen),http://www.facebook.com/287029511311875,市議員陳清龍後援聯誼會,http://www.facebook.com/137115936346048
臺中市第4選舉區,王朝坤,無
臺中市第4選舉區,張瀞分,中國國民黨,張瀞分,http://www.facebook.com/345723802263619
臺中市第5選舉區,許水彬,民主進步黨,台中市議員許水彬 - 潭子、大雅、神岡,http://www.facebook.com/804400686246845
臺中市第5選舉區,張立傑,無,張立傑服務讚,http://www.facebook.com/675061762574031,議會張老師－張立傑,http://www.facebook.com/144167532280588
臺中市第5選舉區,廖述鎮,民主進步黨,廖述鎮,http://www.facebook.com/278374792236544
臺中市第5選舉區,張雅旻,民主進步黨
臺中市第5選舉區,羅永珍,中國國民黨,"認珍團隊 - 有你""珍""好 市議員羅永珍",http://www.facebook.com/163382100503084
臺中市第5選舉區,林竹旺,無,林竹旺,http://www.facebook.com/122794384587184,林竹旺,http://www.facebook.com/333052630185251
臺中市第5選舉區,蕭隆澤,民主進步黨
臺中市第5選舉區,賴朝國,中國國民黨
臺中市第5選舉區,吳顯森,中國國民黨
臺中市第6選舉區,張廖萬堅,民主進步黨,堅持．張廖萬堅,http://www.facebook.com/111455468891656,台中議員張廖萬堅總部-青年志工協會,http://www.facebook.com/171416516202621
臺中市第6選舉區,陳淑華,民主進步黨,陳淑華,http://www.facebook.com/1563334040557368,陳淑華,http://www.facebook.com/140698879294182,90畢業永華國小6年7班 導師：陳瀅淑老師,http://www.facebook.com/334362733248144,141~145之陳淑華老師導生聚,http://www.facebook.com/116272285198569
臺中市第6選舉區,蔡智豪,無,【生態台中 專業監督】台中市西屯區市議員參選人 蔡智豪 服務團隊,http://www.facebook.com/657416947675153
臺中市第6選舉區,李孝儒,民主進步黨,李孝儒,http://www.facebook.com/604979846281432
臺中市第6選舉區,黃馨慧,中國國民黨,反黃馨慧,http://www.facebook.com/206883892770009,可惡的瘋狗(黃馨慧),http://www.facebook.com/276185305833754
臺中市第6選舉區,張廖乃綸,中國國民黨
臺中市第6選舉區,吳春夏,無,吳春夏後援會,http://www.facebook.com/321580081284262
臺中市第6選舉區,楊正中,中國國民黨,楊正中,http://www.facebook.com/402592413138311,中正楊拉拉實驗室,http://www.facebook.com/475673352475970,楊正幫-9字高中生,http://www.facebook.com/160337884068918,中正國小楊咩咩四班:),http://www.facebook.com/126748050745120
臺中市第7選舉區,張耀中,民主進步黨
臺中市第7選舉區,丁振嘉,中國國民黨
臺中市第7選舉區,何文海,民主進步黨,何文海,http://www.facebook.com/512165542249156
臺中市第7選舉區,陳三井,親民黨,陳三井專頁,http://www.facebook.com/293180310719808,陳三井議員 - 後援會,http://www.facebook.com/514408921983550
臺中市第7選舉區,朱暖英,中國國民黨,朱暖英市議員,http://www.facebook.com/283385005013942
臺中市第7選舉區,江慶洲,無,用公民力量 改變台中 江慶洲,http://www.facebook.com/425274337607264
臺中市第7選舉區,劉士州,中國國民黨
臺中市第7選舉區,黃聖硯,台灣團結聯盟
臺中市第7選舉區,黃淑芬,無,黃淑芬,http://www.facebook.com/1447699605450734,楊光國中小六年三班社團^_^導師黃淑芬,http://www.facebook.com/145549235526967
臺中市第8選舉區,謝明源,民主進步黨,謝明源,http://www.facebook.com/203603443003441
臺中市第8選舉區,沈佑蓮,中國國民黨,沈佑蓮粉絲團,http://www.facebook.com/599177760107246
臺中市第8選舉區,蔡雅玲,民主進步黨,陽光。綠意。蔡雅玲,http://www.facebook.com/1408599916030665
臺中市第8選舉區,曾朝榮,民主進步黨
臺中市第8選舉區,邱于珊,親民黨,邱于珊，臺中市北屯區市議員候選人,http://www.facebook.com/1464210830496816,邱于珊台中市北屯區市議員親民黨徵召提名候選人,http://www.facebook.com/1531760850377390
臺中市第8選舉區,陳成添,中國國民黨,陳成添粉絲團,http://www.facebook.com/205966542860519
臺中市第8選舉區,賴順仁,中國國民黨,台中市議員賴順仁後援會,http://www.facebook.com/171486502866145
臺中市第8選舉區,張烱春,台灣團結聯盟,張烱春- 台中市北屯區市議員候選人,http://www.facebook.com/149148591919763
臺中市第9選舉區,陳天汶,中國國民黨,陳天汶議員競選總部,http://www.facebook.com/1479631062307116,台中市總隊民防大隊長陳天汶家族,http://www.facebook.com/498334310281969
臺中市第9選舉區,范淞育,民主進步黨,范淞育,http://www.facebook.com/473883142741003
臺中市第9選舉區,陳政顯,中國國民黨,陳政顯 阿顯 台中市議員競選後援會,http://www.facebook.com/703446939716961
臺中市第9選舉區,賴佳微,民主進步黨,賴佳微後援會,http://www.facebook.com/336235150196
臺中市第9選舉區,李涵芸,樹黨,李涵芸 - 從根翻轉台中,http://www.facebook.com/636609006457970
臺中市第9選舉區,林忠勝,聯合黨,慧燈林董事長忠勝追思專刊社團,http://www.facebook.com/320666491286040
臺中市第10選舉區,黃國書,民主進步黨,黃國書,http://www.facebook.com/105577196141925,台中市議員黃國書。台中文化議員,http://www.facebook.com/287660641408556,黃國書社團,http://www.facebook.com/156275991101203
臺中市第10選舉區,江肇國,民主進步黨,江肇國,http://www.facebook.com/1421185968116666
臺中市第10選舉區,張宏年,中國國民黨,張宏年加油YA,http://www.facebook.com/129068427129496,太平國小6年4班～張宏仁導師,http://www.facebook.com/720472321308883
臺中市第10選舉區,葉春幸,無,台灣阿幸葉春幸,http://www.facebook.com/498854966927763,葉春幸青年志工團隊,http://www.facebook.com/1437756589834405
臺中市第10選舉區,張博威,親民黨
臺中市第10選舉區,洪嘉鴻,中國國民黨,台中市議員洪嘉鴻,http://www.facebook.com/336073003944
臺中市第11選舉區,邱素貞,民主進步黨,CSJ YOGA邱素貞瑜伽歷史館,http://www.facebook.com/256431561132649
臺中市第11選舉區,廖興生,親民黨
臺中市第11選舉區,李中,中國國民黨,台中市議員李中,http://www.facebook.com/134699156554812,李中岑,http://www.facebook.com/839099019464803,李中元,http://www.facebook.com/239116632897700,李鴻毅風水命理互動中心,http://www.facebook.com/248241405229844,中華統一促進黨 李靖黨部,http://www.facebook.com/728397500510955,李敏鎬台灣第一國際fansclub-★命中敏鎬-minho in destiny,http://www.facebook.com/119552518074452
臺中市第11選舉區,賴建豪,無,賴建豪,http://www.facebook.com/264970056984056,台中市生活應援團＿賴頤年＆賴建豪,http://www.facebook.com/374419689352201
臺中市第11選舉區,顏妏真,中國國民黨,Wen-Jen Yen,http://www.facebook.com/216984261673818
臺中市第11選舉區,何敏誠,民主進步黨,台中市議員何敏誠,http://www.facebook.com/1375103429429027
臺中市第11選舉區,鄭功進,民主進步黨,鄭功進,http://www.facebook.com/1496671947239585
臺中市第11選舉區,蕭良材,無,蕭良材市議員『網路服務處』- 2014台中市東南區候選人,http://www.facebook.com/1478469305755607
臺中市第11選舉區,林珮涵,中國國民黨,林珮涵市議員,http://www.facebook.com/200156436800851,台中市議員-林珮涵,http://www.facebook.com/166289909966
臺中市第12選舉區,李麗華,中國國民黨,李麗華老師卡拉OK,http://www.facebook.com/167372683387014,李麗華議員(臉書)服務處,http://www.facebook.com/114045531953147,中華基督教會譚李麗芬紀念職業先修學校,http://www.facebook.com/52541664050
臺中市第12選舉區,吳品儀,無,排球甜心-吳品儀,http://www.facebook.com/152507804815208
臺中市第12選舉區,賴義鍠,無
臺中市第12選舉區,張玉嬿,民主進步黨,張玉嬿  新一代，拼未來！,http://www.facebook.com/789025527807125
臺中市第12選舉區,李昆霖,無,台中市太平區市議員候選人 李昆霖,http://www.facebook.com/766626310023866
臺中市第12選舉區,何明杰,民主進步黨
臺中市第12選舉區,陳展群,中國國民黨,市議員候選人  陳展群,http://www.facebook.com/640085892713849
臺中市第13選舉區,劉錦和,民主進步黨,劉錦和後援會,http://www.facebook.com/109089572464762
臺中市第13選舉區,李天生,民主進步黨,[天生為民] 李天生粉絲團,http://www.facebook.com/128110170589440,李家班東海在校生ㄅㄨ拉ㄅㄨ拉聊天室,http://www.facebook.com/360475914083289,清水國中只有李嶽沒有頭髮的324好久不見回娘家探望聊天生育團,http://www.facebook.com/199349263450683,李一諤紀念學校-01 -11.6年級談天會!關於學校.生活等.,http://www.facebook.com/187006524670746
臺中市第13選舉區,謝賢,民主進步黨,謝賢,http://www.facebook.com/313220545492805,謝賢 新世代+新力量,http://www.facebook.com/346181242173898,謝博安vs林書賢粉絲團,http://www.facebook.com/442265045831079,捍衛屌謝品賢戀情開花結果社團,http://www.facebook.com/589374504409052
臺中市第13選舉區,江勝雄,無,江勝雄,http://www.facebook.com/147800241906645,江勝雄服務讚,http://www.facebook.com/284235891757224,江勝雄服務讚粉絲團,http://www.facebook.com/1529167677306255
臺中市第13選舉區,蘇柏興,中國國民黨,蘇柏興 台中市議員候選人－大里 霧峰,http://www.facebook.com/661092573982671
臺中市第13選舉區,張芬郁,民主進步黨
臺中市第13選舉區,段緯宇,親民黨,要求台中市議員妖受讚段緯宇議員向台中市民道歉！！,http://www.facebook.com/181083628752535,大台中市議員大里、霧峰區段緯宇後援會,http://www.facebook.com/578594105569424
臺中市第13選舉區,林志憲,無,議員新選擇-林志憲,http://www.facebook.com/344660605671993,林志憲後援會,http://www.facebook.com/366282510080796,林志憲粉絲團,http://www.facebook.com/126067437543967
臺中市第13選舉區,張滄沂,無,台中市議員 張滄沂,http://www.facebook.com/1521479084748559,臺中市議員張滄沂,http://www.facebook.com/826786214069399
臺中市第13選舉區,蔡黃金雀,無,蔡黃金雀,http://www.facebook.com/573266119447762,蔡黃金雀粉絲團,http://www.facebook.com/738981142788211,蔡黃金雀婦女會後援會,http://www.facebook.com/174337902776617
臺中市第13選舉區,林碧秀,中國國民黨,林碧秀,http://www.facebook.com/137143073105957
臺中市第13選舉區,林明正,台灣團結聯盟,林明正,http://www.facebook.com/1001317079882909,薛正明-士林區仲介討論交流中心,http://www.facebook.com/140613272669789,復興 中正 陽明 丹鳳 國三重 崇光 樹林(影製) 七校<大傳社>交流小天地,http://www.facebook.com/134334676649525,熱帶雨林柳丁班(100學年度明正六丁),http://www.facebook.com/316300811736242
臺中市第14選舉區,冉齡軒,中國國民黨,冉齡軒,http://www.facebook.com/169362333123649,冉齡軒-臺中新希望。,http://www.facebook.com/1452385821707644
臺中市第14選舉區,蔡成圭,民主進步黨
臺中市第14選舉區,蘇慶雲,中國國民黨
臺中市第15選舉區,林沛容,中國國民黨
臺中市第15選舉區,周金龍,無
臺中市第15選舉區,溫建華,中國國民黨,溫建華,http://www.facebook.com/496075623871616
臺中市第15選舉區,洪金福,親民黨,台中市議員洪金福,http://www.facebook.com/1441054746181037
臺中市第15選舉區,陳天斯,無
臺中市第15選舉區,陳建民,無,Chen Kenmin,http://www.facebook.com/175525605799378,陳偉殷~王建民加油團,http://www.facebook.com/121581394585361,陳建民專題組,http://www.facebook.com/229747467180559,區議會選舉屯門景興選區民建聯及工聯副會長會陳有海不要自動當選，選民無得投票機會，希望求變求新讓選民用選票改變…,http://www.facebook.com/290467810969010
臺中市第16選舉區,朱元宏,無
臺中市第16選舉區,林榮進,中國國民黨,士林商圈繁榮促進會,http://www.facebook.com/363626240427416,雲林縣中小企業榮譽指導員(企業服務志工)協進會,http://www.facebook.com/343278072365757,僑榮國小六年六班導師林智婉老師.如有雷同請進入,http://www.facebook.com/147451228707333
臺南市第1選舉區,賴美惠,民主進步黨,賴美惠,http://www.facebook.com/479366078869568,賴美惠＊Fans＊,http://www.facebook.com/488670744515933
臺南市第1選舉區,劉米山,民主進步黨,劉米山粉絲團,http://www.facebook.com/1434631893437894
臺南市第1選舉區,張世賢,中國國民黨,張世賢,http://www.facebook.com/180972661918736
臺南市第2選舉區,趙昆原,無,趙昆原,http://www.facebook.com/362126340607081,"台南市議員趙昆原,按讚部隊",http://www.facebook.com/1390034621285994
臺南市第2選舉區,李退之,民主進步黨,李退之 ❤支持！,http://www.facebook.com/100440760012670
臺南市第2選舉區,蔡育輝,中國國民黨,全民秀創意 就是需要你 蔡育輝議員服務處創意競選標語徵選比賽活動,http://www.facebook.com/477693412352722
臺南市第2選舉區,陳佳琪,無,陳佳琪的102,http://www.facebook.com/383272868361041
臺南市第2選舉區,賴惠員,民主進步黨,賴惠員,http://www.facebook.com/132727540081371,賴惠員服務處,http://www.facebook.com/417332288345241
臺南市第2選舉區,顏進仕,無,顏進仕區長粉絲團,http://www.facebook.com/657072151005298
臺南市第3選舉區,謝財旺,無
臺南市第3選舉區,陳進財,中國國民黨
臺南市第3選舉區,侯澄財,民主進步黨
臺南市第4選舉區,吳通龍,民主進步黨,臥龍吟S7【吳師自通】,http://www.facebook.com/256006414480987
臺南市第4選舉區,陳文賢,民主進步黨
臺南市第4選舉區,尤榮智,中國國民黨
臺南市第4選舉區,楊麗玉,民主進步黨,楊麗玉,http://www.facebook.com/575085795935292,活菩薩-楊麗玉,http://www.facebook.com/832840660060534
臺南市第4選舉區,郭秀珠,無,真情服務，為咱打拼、台南市議員郭秀珠,http://www.facebook.com/147170778709912
臺南市第5選舉區,陳朝來,民主進步黨,台南市議員 陳朝來,http://www.facebook.com/269302503168598
臺南市第5選舉區,余榮和,無,余榮和（阿富）議員服務處,http://www.facebook.com/1443482139234756
臺南市第5選舉區,方一峰,中國國民黨,方一峰的競選團隊,http://www.facebook.com/811570818864040
臺南市第5選舉區,蔡秋蘭,民主進步黨,台南市議員蔡秋蘭,http://www.facebook.com/612104088863541
臺南市第5選舉區,蔡蘇秋金,民主進步黨,家婆認真 蔡蘇秋金,http://www.facebook.com/518062861568564
臺南市第6選舉區,梁順發,民主進步黨
臺南市第6選舉區,林志展,無,林志展服務團隊,http://www.facebook.com/332791410202701,覺得周書弘  蔡宇嶸 和林志展帥的都可以進,http://www.facebook.com/187740648026695
臺南市第6選舉區,李文俊,中國國民黨,Li Wenjun,http://www.facebook.com/223353811186759,李文俊喜欢吴婉琪，快来成全他们,http://www.facebook.com/142001822526615
臺南市第7選舉區,林志聰,民主進步黨,林志聰,http://www.facebook.com/217412048319473
臺南市第7選舉區,姚溪海,無
臺南市第7選舉區,林全忠,中國國民黨,林全忠,http://www.facebook.com/379446738788247,20110711-17全國第十次大露營忠孝營區第三分團(士林.內湖.景美.附中.麗山),http://www.facebook.com/231660503532236
臺南市第8選舉區,李全教,中國國民黨,大台南幸福工程- 李全教,http://www.facebook.com/111019152334988,李全教青年聯誼會,http://www.facebook.com/217483721627678,GG新竹市公教退休人員協會相影片-全球網路電視臉書李載榮LINE0973261261南山人壽李佳蓉李富瀧整理-徵專兼職團隊,http://www.facebook.com/622001561210712
臺南市第8選舉區,王峻潭,民主進步黨,王峻潭服務專區,http://www.facebook.com/134881409866091
臺南市第9選舉區,王敏星,中國國民黨
臺南市第9選舉區,楊中成,台灣團結聯盟,楊中成,http://www.facebook.com/280749242074568,成功國中第四屈.黃麗美.楊隆貴.蔡優滋.劉春足.劉怡洵.鄭以坡.林良彬.林善宏.林永旭.吳月娥.江淑玲,http://www.facebook.com/549417351807129,楊梅新興中成發,http://www.facebook.com/274978495996300,楊梅高中社會組球隊成立討論會,http://www.facebook.com/271098996301006
臺南市第9選舉區,林燕祝,中國國民黨
臺南市第9選舉區,陳秋萍,民主進步黨,陳秋萍,http://www.facebook.com/239524226104795,王蘭花/陳麗紅/林嬋娟/翁麗玲/楊秋萍/王鈺冠/吳鳳華賞照坊,http://www.facebook.com/192971234167235
臺南市第9選舉區,郭國文,民主進步黨,郭國文,http://www.facebook.com/325269090863652,楠梓國中~股神郭文聰老師~3年14班,http://www.facebook.com/254410431327688,瑞祥國中之郭文娟&陳嫻粉絲團,http://www.facebook.com/163519740380313,大一國文-郭乃楨 (文學院),http://www.facebook.com/360992187366302
臺南市第9選舉區,林宜瑾,民主進步黨,林宜瑾,http://www.facebook.com/147484398657964,林宜瑾臉書後援會,http://www.facebook.com/163491870368267
臺南市第9選舉區,林慶鎭,無
臺南市第9選舉區,李崇智,無,李崇智之友會,http://www.facebook.com/117685348292877
臺南市第9選舉區,林阳乙,無,林阳乙,http://www.facebook.com/413354042138395
臺南市第9選舉區,李坤煌,中國國民黨,李坤煌粉絲團,http://www.facebook.com/492965760718567
臺南市第9選舉區,施重男,無
臺南市第10選舉區,黃麗招,中國國民黨
臺南市第10選舉區,林炳利,無,林炳利服務團隊,http://www.facebook.com/226487857540087,林炳利,http://www.facebook.com/320446184714696,林炳利服務團隊,http://www.facebook.com/393584797458255
臺南市第10選舉區,郭信良,民主進步黨,郭信良粉絲團,http://www.facebook.com/174094425951157
臺南市第10選舉區,劉益昌,台灣團結聯盟
臺南市第10選舉區,唐儀靜,民主進步黨,唐儀靜,http://www.facebook.com/589291731147660
臺南市第10選舉區,王錦德,民主進步黨,台南市議員王錦德,http://www.facebook.com/303287499727801
臺南市第10選舉區,郭清華,民主進步黨
臺南市第10選舉區,李中岑,中國國民黨,李中岑,http://www.facebook.com/839099019464803
臺南市第10選舉區,陳進義,無,陳進義後援會青年服務團隊,http://www.facebook.com/147584771919634
臺南市第11選舉區,陳麗真,中國國民黨
臺南市第11選舉區,李宗富,無,和富慈善基金李宗德小學,http://www.facebook.com/33640299545,和富慈善基金李宗德小學學生及教師,http://www.facebook.com/403441589674987
臺南市第11選舉區,謝龍介,中國國民黨,謝龍介,http://www.facebook.com/219165858131533,謝龍介之友會,http://www.facebook.com/127983420565454,謝龍介,http://www.facebook.com/240485902829222,台南勝利之聲AM1188『談天說地論台灣』謝龍介.尪疼某.阿湯哥精采解析時事,http://www.facebook.com/204058442966463,台南AM1188『談天說地論台灣』謝龍介.尪疼某.阿湯哥精采解析時事,http://www.facebook.com/217807928253541
臺南市第11選舉區,陳怡珍,民主進步黨
臺南市第11選舉區,唐碧娥,民主進步黨,唐碧娥,http://www.facebook.com/212357832162025,Tang Bi-a,http://www.facebook.com/331910896934635,唯一支持唐碧娥,http://www.facebook.com/119268514758923,台南市北區民進黨提名市議員參選人唐碧娥服務處成立大會,http://www.facebook.com/346876805486608
臺南市第11選舉區,許至椿,中國國民黨,許至椿,http://www.facebook.com/712898472091710
臺南市第12選舉區,洪玉鳳,中國國民黨
臺南市第12選舉區,邱莉莉,民主進步黨,邱莉莉,http://www.facebook.com/320449548047747,邱莉莉,http://www.facebook.com/219621734733989,邱垂恩之幼齒蘿莉研究社,http://www.facebook.com/271317222983168,邱莉莉聯合服務處成立,http://www.facebook.com/705612322862470,邱蜜莉同名專輯,http://www.facebook.com/140835305987033
臺南市第13選舉區,李文正,民主進步黨,台南市議員李文正,http://www.facebook.com/141480792552894,"于光中(李正凡) ""弄死英文社團""",http://www.facebook.com/125540484155415,李紹陽中正教室之瘋子國文班,http://www.facebook.com/1425201944379690,爆正姐李芸國文專屬課後複習社,http://www.facebook.com/182031668599824
臺南市第13選舉區,盧崑福,中國國民黨,台南市議員盧崑福,http://www.facebook.com/244377292403787,台南市議員 盧崑福 服務處,http://www.facebook.com/160405414003558
臺南市第14選舉區,王家貞,中國國民黨,我愛王家貞,http://www.facebook.com/207861442565477,王家貞競選總部專頁,http://www.facebook.com/298586310319842,忠貞王家乾麵應援團,http://www.facebook.com/170664432945392
臺南市第14選舉區,陳文科,中國國民黨,陳文科,http://www.facebook.com/127295120676179,名間鄉鄉長候選人陳文德後援會中州科技大學觀光休閒系系友會,http://www.facebook.com/311238602388675
臺南市第14選舉區,陳昌輝,台灣團結聯盟,陳昌輝-台南市東區市議員候選人,http://www.facebook.com/188115428052778
臺南市第14選舉區,曾培雅,中國國民黨,曾培雅,http://www.facebook.com/335113823218340,曾培雅老師的第一個班 :D,http://www.facebook.com/693132044034870
臺南市第14選舉區,蔡旺詮,民主進步黨
臺南市第14選舉區,曾順良,無,曾順良,http://www.facebook.com/310892992335796,曾順良Facebook市議員競選總部,http://www.facebook.com/155734804462534,台南市議員曾順良facebook之友會,http://www.facebook.com/428446667189293
臺南市第14選舉區,陸美祈,民主進步黨,陸美祈 Vicky Lu,http://www.facebook.com/125393387659066
臺南市第14選舉區,陳金鐘,民主進步黨,陳金鐘 金鐘響、東區讚,http://www.facebook.com/604919566241662,鐘聲慈善社胡陳金枝中學(西環舊生),http://www.facebook.com/7783750988,鐘聲慈善社胡陳金枝中學(1a) 2011-2012),http://www.facebook.com/223860074342157,鐘聲慈善社胡陳金枝中學舊生會,http://www.facebook.com/1451068785128042
臺南市第14選舉區,潘靜竹,樹黨,潘靜竹 台南市東區市議員候選人,http://www.facebook.com/1475797272691709
臺南市第15選舉區,周明德,民主進步黨,周明德 - 台南市南區,http://www.facebook.com/266458383546316,反周明德,http://www.facebook.com/223446321164588,周明德老師社大教學俱樂部,http://www.facebook.com/136635536364640,全民亂報悶周刊全民亂公投=施明德應將150萬分給150萬參加過紅衫倒扁的伙伴,http://www.facebook.com/763821893658257,來年是路德會呂明才中學３５周年校慶，校方有意邀請校友回校歡聚,http://www.facebook.com/460288264008737
臺南市第15選舉區,林美燕,中國國民黨,Lim Byan-林美燕（林老师）补习中心,http://www.facebook.com/198233326863689
臺南市第15選舉區,莊玉珠,民主進步黨,莊玉珠,http://www.facebook.com/491691000922773
臺南市第15選舉區,蔡淑惠,中國國民黨,胡適國小 六年五班 導師:蔡淑惠,http://www.facebook.com/429279810443864
臺南市第15選舉區,呂維胤,民主進步黨,呂維胤,http://www.facebook.com/564408486971527
臺南市第15選舉區,陳進益,無
臺南市第16選舉區,張伯祿,無,張伯祿議員粉絲團,http://www.facebook.com/1492436574317879,張議員伯祿服務處,http://www.facebook.com/623911074344836
臺南市第16選舉區,吳禹寰,無,吳禹寰,http://www.facebook.com/690304527667609,吳禹寰後援會,http://www.facebook.com/769066173115538
臺南市第16選舉區,曾王雅雲,民主進步黨,曾王雅雲,http://www.facebook.com/601373073213903
臺南市第16選舉區,劉正昌,民主進步黨
臺南市第16選舉區,杜素吟,無,新豐好媳婦-杜素吟後援會,http://www.facebook.com/162181680473078
臺南市第16選舉區,徐萬仲,中國國民黨,徐萬仲,http://www.facebook.com/523507084428719
臺南市第16選舉區,陳特清,無,台南市市議員陳特清,http://www.facebook.com/182073508488474
臺南市第17選舉區,李美素,民主進步黨,李美素,http://www.facebook.com/281301188563451,台南市平地原住民市議員候選人李美素競選後援會,http://www.facebook.com/560093790777162
臺南市第17選舉區,蔡玉枝,中國國民黨
臺南市第17選舉區,陳肇元,中國國民黨
臺南市第18選舉區,伍宗康,中國國民黨,伍宗康,http://www.facebook.com/251797921680106
臺南市第18選舉區,谷暮・哈就Kumu•Hacyo,無
高雄市第1選舉區,劉馨正,中國國民黨,劉馨正高雄市議員參選人,http://www.facebook.com/273371139518439
高雄市第1選舉區,鍾盛有,無
高雄市第1選舉區,鍾惠美,無,守護每一個家  鍾惠美,http://www.facebook.com/246944782157344
高雄市第1選舉區,林富寶,民主進步黨,林富寶,http://www.facebook.com/468881816478320
高雄市第1選舉區,蕭育穎,民主進步黨,蕭育穎,http://www.facebook.com/1417998825118932,蕭育穎,http://www.facebook.com/371649009644900,"朱尼爾第五屆(猛聞...Ya!加汗,蕭智軒,詹雅淇, 楊孟哲,趙子賢,蘇育葳,陳思穎,蕭至軒, 屎囊 , 洗澤,高念安)",http://www.facebook.com/226217854088856
高雄市第2選舉區,蘇琦莉,中國國民黨
高雄市第2選舉區,陳明澤,民主進步黨,反陳澤明群組,http://www.facebook.com/249348668415986
高雄市第2選舉區,張文瑞,民主進步黨
高雄市第2選舉區,李長生,中國國民黨,李杭倫庭長榮譽導生會,http://www.facebook.com/244959165686756,李春生紀念長老教會會員俱樂部,http://www.facebook.com/185710511452996
高雄市第3選舉區,曾水文,台灣團結聯盟,曾水文,http://www.facebook.com/523297374357070,曾文水庫聯合公筏,http://www.facebook.com/347112142000059,曾文水庫筏釣魚網,http://www.facebook.com/215244365265928,曾文水庫觀光遊艇,http://www.facebook.com/252609538090881
高雄市第3選舉區,陳政聞,民主進步黨,高雄市議員 陳政聞,http://www.facebook.com/209737402460045
高雄市第3選舉區,高閔琳,民主進步黨
高雄市第3選舉區,方信淵,中國國民黨
高雄市第3選舉區,蔡金河,中國國民黨
高雄市第3選舉區,翁瑞珠,民主進步黨,高雄市議員 翁瑞珠,http://www.facebook.com/126682300773520
高雄市第3選舉區,陸淑美,中國國民黨,陸淑美,http://www.facebook.com/247426919612,陸豐國小之好久以前陳八美，周淑惠，林勝興老師那一班,http://www.facebook.com/426717914033165
高雄市第3選舉區,盧文峯,無
高雄市第4選舉區,李柏毅,民主進步黨,李柏毅＠左楠,http://www.facebook.com/360823134063476,李柏毅最屁股份有限公司,http://www.facebook.com/220798451325125,李柏毅最帥股份有限公司,http://www.facebook.com/183419341730655
高雄市第4選舉區,林瑩蓉,民主進步黨,林瑩蓉_議員粉絲團,http://www.facebook.com/124296474260558
高雄市第4選舉區,張豐藤,民主進步黨,博士領航、改變左楠『張豐藤』,http://www.facebook.com/130719663632366
高雄市第4選舉區,周鍾㴴,中國國民黨
高雄市第4選舉區,陳麗珍,中國國民黨,高雄市議員 陳麗珍,http://www.facebook.com/1518661028370616,陳麗珍與男朋友,http://www.facebook.com/233235260152562,陳麗珍王國,http://www.facebook.com/419607531452594,陳麗珍旅遊領航員公司,http://www.facebook.com/132844643555579
高雄市第4選舉區,黃石龍,無黨團結聯盟,大型加拉辛-黃金猛魚-巨暴(暴牙)-河虎-南美翼龍-牙魚-鑽石火箭.飛鳳火箭 交流社,http://www.facebook.com/265760540264562
高雄市第4選舉區,藍星木,中國國民黨,高雄市議員  藍星木　,http://www.facebook.com/146141145410134
高雄市第4選舉區,李眉蓁,中國國民黨,李眉蓁,http://www.facebook.com/192165170847259,李眉蓁美女競選團隊,http://www.facebook.com/130808753598998,李眉蓁後援會的青年軍,http://www.facebook.com/175823159094364
高雄市第4選舉區,黃若桓,無,高雄市議員 黃若桓 基進側翼左楠區候選人,http://www.facebook.com/322407274596848
高雄市第4選舉區,柳淑芳,無
高雄市第4選舉區,何樹勳,新黨,何樹勳,http://www.facebook.com/1445775495679687
高雄市第4選舉區,陳玫娟,中國國民黨,高雄市議員 陳玫娟,http://www.facebook.com/110188112370056
高雄市第5選舉區,邱俊憲,民主進步黨,改變趁現在！邱俊憲,http://www.facebook.com/635537303170117
高雄市第5選舉區,許慧玉,中國國民黨,許慧玉議員粉絲團,http://www.facebook.com/861682803846323
高雄市第5選舉區,吳利成,中國國民黨
高雄市第5選舉區,葉進國,無,走進部落~北葉國小,http://www.facebook.com/256964094369252,大葉大學100學年度進修學士專班國際企業管理學系畢業班,http://www.facebook.com/361760583889540,板橋中山國中~葉華蘭老師教的學生～請趕快進來報到唷！！^O^~,http://www.facebook.com/147132145365970
高雄市第5選舉區,林芳如,民主進步黨,林芳如粉絲團,http://www.facebook.com/311771648847692
高雄市第5選舉區,何堅心,無
高雄市第5選舉區,王慧玲,無
高雄市第5選舉區,張勝富,民主進步黨,張勝富,http://www.facebook.com/226634607368431
高雄市第5選舉區,沈英章,民主進步黨,沈英章,http://www.facebook.com/1411523399063398
高雄市第6選舉區,簡煥宗,民主進步黨,煥然一新 簡煥宗,http://www.facebook.com/534069096686018
高雄市第6選舉區,連立堅,民主進步黨
高雄市第6選舉區,郭美伶,無,市議員參選人-郭美伶,http://www.facebook.com/272313816259639
高雄市第6選舉區,李喬如,民主進步黨,李喬如粉絲團,http://www.facebook.com/113204998865114
高雄市第6選舉區,陳美雅,中國國民黨,高雄市議員陳美雅,http://www.facebook.com/107729492624806
高雄市第6選舉區,蔡金晏,中國國民黨,"下港的囝仔, 蔡金晏",http://www.facebook.com/107070952670430
高雄市第6選舉區,陳冠銘,台灣團結聯盟,陳冠銘小組,http://www.facebook.com/220288151354239,反陳冠銘聯盟,http://www.facebook.com/266515956771791,寒假再出發之邱冠霖在銘傳知廖妍淳很低能之陳世凡早點歸隊之施亦晴幾時回來之謝佑佳記得還我書,http://www.facebook.com/189057381225729
高雄市第6選舉區,劉哲宇,無,基進側翼  旗鼓鹽市議員候選人 劉哲宇,http://www.facebook.com/1444004519178270
高雄市第7選舉區,林進興,民主進步黨,醫學博士 林進興,http://www.facebook.com/363494510464583,林瑞興老師 進階閃燈班第六期(白天班),http://www.facebook.com/553252361432655,建興國中三年六班 第二十五屆 同學會(導師是林進國老師),http://www.facebook.com/277668605594965
高雄市第7選舉區,何權峰,民主進步黨,全心全力 何權峰,http://www.facebook.com/1385225591717634
高雄市第7選舉區,鄭新助,無,鄭新助,http://www.facebook.com/1804935096314606,鄭新助【活動限定】,http://www.facebook.com/733736473354655
高雄市第7選舉區,林家慶,無,林家歡慶一家親,http://www.facebook.com/320471741400532,要罵林家慶的都過來罵神麼都可以,http://www.facebook.com/375469169141488,跟野狼一樣把林家慶撕爛吧！ 把林家慶變成全世界公幹吧!,http://www.facebook.com/153776604739617
高雄市第7選舉區,黃柏霖,中國國民黨,因為歐嘉.歐佳霖.黃柏軒只出現在FB,http://www.facebook.com/816971001676242,打黃柏霖機歪團,http://www.facebook.com/106990779447827
高雄市第7選舉區,洪平朗,民主進步黨,洪平朗(阿朗的服務天地),http://www.facebook.com/369024456472
高雄市第7選舉區,康裕成,民主進步黨,康裕成,http://www.facebook.com/234258840055124,『愛、富裕、快樂』的宗旨~同時擁有『健康、財富、時間』同時自由的『全方位成功人生』。,http://www.facebook.com/389881721123340
高雄市第7選舉區,黃淑美,台灣團結聯盟,高雄市議員黃淑美,http://www.facebook.com/120276351347334,成功國中第四屈.黃麗美.楊隆貴.蔡優滋.劉春足.劉怡洵.鄭以坡.林良彬.林善宏.林永旭.吳月娥.江淑玲,http://www.facebook.com/549417351807129,頭前國中第一屆306班...班導~黃淑美老師,http://www.facebook.com/375413242489171,振聲高中81級第3屆資處科資三同(導師:吳麗美老師 班長:黃淑玲同學),http://www.facebook.com/235629689819749
高雄市第7選舉區,黃永富,親民黨
高雄市第7選舉區,林武忠,民主進步黨
高雄市第7選舉區,張美瑛,無,張美瑛,http://www.facebook.com/196166437188789
高雄市第7選舉區,曾俊傑,中國國民黨
高雄市第7選舉區,梁益誌,綠黨,梁益誌,http://www.facebook.com/106364529428217,梁益誌競選團隊志工社團,http://www.facebook.com/1477722762474404
高雄市第7選舉區,黃香菽,中國國民黨,微笑香蕉-黃香菽,http://www.facebook.com/1427733054177884
高雄市第7選舉區,郭國志,無,郭國志,http://www.facebook.com/778688362162801
高雄市第7選舉區,童燕珍,中國國民黨
高雄市第8選舉區,蕭永達,民主進步黨,高雄市蕭永達議員,http://www.facebook.com/277484715614069,永達搞蕭郎～～,http://www.facebook.com/183835271681605
高雄市第8選舉區,周玲妏,民主進步黨,周玲妏,http://www.facebook.com/226708597344188
高雄市第8選舉區,楊定國,台灣團結聯盟,楊定國,http://www.facebook.com/1487150554868738
高雄市第8選舉區,許崑源,中國國民黨,郭青快報8:許崑源議長率領的議會刪除陳菊市長的市府預算57億 合法嗎? 合理嗎?,http://www.facebook.com/1456930941206471,郭青快報:高雄市議會許崑源議長蔡昌達副議長等,http://www.facebook.com/383800381660009
高雄市第8選舉區,郭建盟,民主進步黨,郭建盟,http://www.facebook.com/362603970664,郭建盟,http://www.facebook.com/1441904946097194
高雄市第8選舉區,陳若翠,中國國民黨,陳若翠-微笑加油讚,http://www.facebook.com/814142741942881
高雄市第8選舉區,王芳萍,人民民主陣線
高雄市第8選舉區,吳益政,親民黨,吳益政－理想城市高雄市,http://www.facebook.com/403082286402502,高雄市議員(苓雅/新興/前金)區吳益政後援會,http://www.facebook.com/255939461245236
高雄市第8選舉區,黃紹庭,中國國民黨
高雄市第9選舉區,李雅靜,中國國民黨,高雄市議員李雅靜,http://www.facebook.com/327986657268286
高雄市第9選舉區,鄭復華,親民黨
高雄市第9選舉區,劉德林,中國國民黨,劉德林,http://www.facebook.com/174933492563775,台中樹德駕訓班~劉秋林教練,http://www.facebook.com/455517297793587
高雄市第9選舉區,郭素桃,無
高雄市第9選舉區,蘇炎城,民主進步黨,高雄市議員-蘇炎城,http://www.facebook.com/609784802408144
高雄市第9選舉區,陳慧文,民主進步黨,高雄市議員陳慧文,http://www.facebook.com/170868719763288,智慧財產權A(陳建文),http://www.facebook.com/416777381749271
高雄市第9選舉區,羅鼎城,民主進步黨,市民律師 羅鼎城,http://www.facebook.com/1413517675552131
高雄市第9選舉區,李政憲,無,回憶那份溫馨的老師(李政憲),http://www.facebook.com/166099223562351
高雄市第9選舉區,顏曉菁,民主進步黨
高雄市第9選舉區,楊見福,無,楊見福,http://www.facebook.com/126636037379111
高雄市第9選舉區,徐榮延,無黨團結聯盟
高雄市第9選舉區,楊承翰,無,楊承翰 - 基進側翼 高雄市鳳山區市議員參選人,http://www.facebook.com/286965951487224,楊承翰和陳真靜結婚,http://www.facebook.com/469935276350958
高雄市第9選舉區,陳慧芬,台灣團結聯盟
高雄市第9選舉區,陳粹鑾,中國國民黨,高雄市議員 陳粹鑾,http://www.facebook.com/149180535278082
高雄市第9選舉區,張漢忠,民主進步黨,Cheung Hon-chung,http://www.facebook.com/143054535884484
高雄市第9選舉區,羅章福,無,鳳山區服務這份工作-應徵者-羅章福,http://www.facebook.com/538262822963668,領航台灣!三等公民-羅章福,http://www.facebook.com/1513104752253138
高雄市第9選舉區,張育華,人民民主陣線,CMT SPORT 東華三院張明添中學校友體育會,http://www.facebook.com/224573087604687
高雄市第9選舉區,林景元,無
高雄市第10選舉區,陳信瑜,民主進步黨,陳信瑜tkf高雄魚 粉絲團,http://www.facebook.com/1415466088676073,挺愛狗議員陳信瑜後援會,http://www.facebook.com/566861263431206
高雄市第10選舉區,吳銘賜,民主進步黨,吳銘賜Wu Ming-tsz,http://www.facebook.com/437127349732238
高雄市第10選舉區,蔡武宏,中國國民黨
高雄市第10選舉區,林宛蓉,民主進步黨,林宛蓉,http://www.facebook.com/376330355844295
高雄市第10選舉區,李順進,無黨團結聯盟,高雄市議員 李順進,http://www.facebook.com/740073709393786,李順進後援會,http://www.facebook.com/168198786537511
高雄市第10選舉區,鄭光峰,民主進步黨
高雄市第10選舉區,蕭吉男,台灣團結聯盟,從幕僚走向幕前：蕭吉男_高雄市前鎮、小港區市議員候選人,http://www.facebook.com/1491299711094331
高雄市第10選舉區,曾麗燕,中國國民黨,曾麗燕,http://www.facebook.com/109841855734050,曾麗燕,http://www.facebook.com/291051134256676
高雄市第10選舉區,王聖仁,民主進步黨,前鎮小港市議員候選人 王聖仁,http://www.facebook.com/537648423003320,歸£幸山宮 聖王會£仁,http://www.facebook.com/217713828438299,高雄仁武無極聖王宮,http://www.facebook.com/595909537133303,"```````府城神興宮境佛旨清聖堂, 南安詩山威孚堂, 我是台南人, 石精臼邢天府, 府城～普濟殿境～小北～鳳山堂～, 臺南柳營小腳腿范王會, 仁德",http://www.facebook.com/371338129573373
高雄市第10選舉區,陳信諭,無,陳信諭/醫師/【前鎮、小港】參選人,http://www.facebook.com/620376664747781
高雄市第10選舉區,陳麗娜,中國國民黨,前鎮小港陳麗娜後援會,http://www.facebook.com/583062095152990,高雄市議員陳麗娜,http://www.facebook.com/191364314218506
高雄市第11選舉區,黃天煌,中國國民黨
高雄市第11選舉區,韓賜村,民主進步黨,韓賜村粉絲團,http://www.facebook.com/669654486450671
高雄市第11選舉區,李雨庭,民主進步黨
高雄市第11選舉區,王耀裕,中國國民黨
高雄市第11選舉區,張禾宜,台灣團結聯盟
高雄市第11選舉區,徐瑀岑,無,認真女孩徐瑀岑（佳瑩）,http://www.facebook.com/1521110311447609
高雄市第11選舉區,蔡昌達,民主進步黨,蔡昌達 副議長,http://www.facebook.com/135152719859554,83年畢業!!明達三忠同學交流版!!導師:蔡忠昌,http://www.facebook.com/240657059341147,郭青快報:高雄市議會許崑源議長蔡昌達副議長等,http://www.facebook.com/383800381660009
高雄市第11選舉區,洪秀錦,中國國民黨
高雄市第12選舉區,王義雄,中國國民黨,王義雄,http://www.facebook.com/1471000109810002,王媽媽熟留蛋(原嘉義民雄酒廠益壽蛋),http://www.facebook.com/403054079815223,地產王-南部(嘉義市、嘉義縣、台南市、台南縣、高雄縣、屏東縣、澎湖縣),http://www.facebook.com/548266801957074,九十七年佳里國中三年十四班導師 王義雄,http://www.facebook.com/149359405151968
高雄市第12選舉區,俄鄧•殷艾Eteng•Ingay,民主進步黨
高雄市第13選舉區,林民傑,無,林民傑,http://www.facebook.com/424430467698330,林民傑 服務處,http://www.facebook.com/1435107180067834
高雄市第13選舉區,柯路加Istanda•Ciban,中國國民黨
高雄市第14選舉區,高秀琴,中國國民黨,秀水高工 機械科 美琴的家,http://www.facebook.com/364212573610442
高雄市第14選舉區,理斷•搭給嚕嘟嗯Islituan•Takiludun,無
高雄市第14選舉區,伊斯坦大•貝雅夫•正福Istanda••Paingav,無
高雄市第15選舉區,唐惠美,中國國民黨,唐惠美,http://www.facebook.com/1495824500646011
高雄市第15選舉區,范織欽Pasulang•Tomatalate,無
