新竹縣第1選舉區,傅文忠,中國國民黨,傅文忠,http://www.facebook.com/258762314327509,忠愛竹北-傅文忠行動服務團隊,http://www.facebook.com/151037645081375,傅文忠的美好家園/忠愛竹北,http://www.facebook.com/683576565047486,言論自由聯盟/中高盟/蕭忠漢主席/彭宗聖主委/蘇諍評委/蘇伊文榮譽主席/傅執委/廖執委/周評委,http://www.facebook.com/113232345471585
新竹縣第1選舉區,葉芬英,民主進步黨
新竹縣第1選舉區,蔡志環,中國國民黨,蔡志環,http://www.facebook.com/187720791364149
新竹縣第1選舉區,邱靖雅,無,邱靖雅 - 新竹縣議員候選人 - 竹北選區,http://www.facebook.com/689837094426996
新竹縣第1選舉區,高偉凱,勞動黨,高偉凱,http://www.facebook.com/143604422098
新竹縣第1選舉區,陳見賢,中國國民黨,鹽水陳見賢家族臉書團,http://www.facebook.com/273891786105897
新竹縣第1選舉區,杜文中,中國國民黨,竹北志工-杜文中,http://www.facebook.com/547129002067069,杜寶蓮老師-中華語文學校(官方),http://www.facebook.com/1397836263791158,2014杜鵑花節逍遙中文遊活動哦哦,http://www.facebook.com/482703448496964,中國最偉大三大文學家:(李白) (王維) (杜甫),http://www.facebook.com/637359423011338
新竹縣第1選舉區,林保光,中國國民黨,林天光保齡球館,http://www.facebook.com/209998312354928,台灣新光保全雲林駐區,http://www.facebook.com/161006160627114
新竹縣第1選舉區,郭鴻德,民主進步黨,郭鴻德 Ader Kuo,http://www.facebook.com/563666153748053
新竹縣第1選舉區,陳凱榮,中國國民黨
新竹縣第1選舉區,蘇明輝,無
新竹縣第1選舉區,鄭美琴,無,鄭美琴,http://www.facebook.com/605637172884307
新竹縣第1選舉區,楊敬賜,中國國民黨
新竹縣第1選舉區,林為洲,中國國民黨,林為洲,http://www.facebook.com/300320033502806
新竹縣第1選舉區,林群森,無,林群森,http://www.facebook.com/279017848955189,黑森林聊天群,http://www.facebook.com/131788246899378,林群森 美術 版畫  工作室,http://www.facebook.com/670392666328816,www.parrot-forest.com鸚鵡森林FaceBook交友群組,http://www.facebook.com/178477852226556
新竹縣第2選舉區,黃永傳,中國國民黨
新竹縣第2選舉區,甄克堅,中國國民黨
新竹縣第2選舉區,陳栢維,無,陳栢維,http://www.facebook.com/1475915209306141
新竹縣第2選舉區,吳淑君,中國國民黨,吳淑君青年後援家族,http://www.facebook.com/720609724643515,太平國小第48屆六年八班同學會【吳淑君老師】,http://www.facebook.com/378111115575618
新竹縣第2選舉區,張春鳳,無
新竹縣第2選舉區,吳菊花,中國國民黨
新竹縣第3選舉區,黃金樓,中國國民黨,黃金傳說自然食坊 03-6586243 新竹縣竹北市勝利三街101號1樓,http://www.facebook.com/303876359649937,史哲夫高級透天黃金地段之媲美帝寶高樓大廈之超越101別墅,http://www.facebook.com/120792541350757,千秋樂@銅鑼灣黃金廣場6樓,http://www.facebook.com/316838685020249
新竹縣第3選舉區,吳寀璇,民主進步黨
新竹縣第3選舉區,羅春蘭,無,羅商105會甲－Young 100 ! 宜蘭青春小旅行,http://www.facebook.com/303324723160772
新竹縣第3選舉區,陳林金玉,無
新竹縣第3選舉區,張鎮榮,中國國民黨,張鎮榮粉絲團,http://www.facebook.com/1459829230912830,張鎮榮粉絲團,http://www.facebook.com/1382118508730057,張鎮榮後援會壘球隊,http://www.facebook.com/463364533780207
新竹縣第3選舉區,吳傳地,民主進步黨
新竹縣第3選舉區,鄭清漢,中國國民黨
新竹縣第4選舉區,嚴永秋,無
新竹縣第4選舉區,劉良彬,中國國民黨,成功國中第四屈.黃麗美.楊隆貴.蔡優滋.劉春足.劉怡洵.鄭以坡.林良彬.林善宏.林永旭.吳月娥.江淑玲,http://www.facebook.com/549417351807129
新竹縣第4選舉區,羅吉燾,無
新竹縣第4選舉區,陳玉蟾,無,陳玉蟾－美麗宜居．再造新關西,http://www.facebook.com/1546768905546322
新竹縣第5選舉區,張玟源,無
新竹縣第5選舉區,楊連湧,無
新竹縣第5選舉區,賴江海,中國國民黨
新竹縣第5選舉區,范曰富,中國國民黨
新竹縣第6選舉區,張志弘,中國國民黨
新竹縣第6選舉區,蔡維邦,無
新竹縣第6選舉區,温文結,無
新竹縣第7選舉區,林政良,中國國民黨
新竹縣第8選舉區,劉珈愷,中國國民黨
新竹縣第8選舉區,郭遠彰,中國國民黨,永遠的330~彰化陽明國中郭老師的班,http://www.facebook.com/215554555151331
新竹縣第8選舉區,彭余美玲,無
新竹縣第8選舉區,吳勝松,中國國民黨,吳勝松 國際獅子會300E2區2013-2014第二副總監 服務交流專頁,http://www.facebook.com/186173951532568,王家龍第二副議長暨吳勝松第二副總監聯合服務交流區,http://www.facebook.com/592187144132326
新竹縣第8選舉區,羅吉祥,中國國民黨,新竹縣議員 羅吉祥,http://www.facebook.com/487576624711342,羅佩秦邀你來誦念阿彌陀佛.個人.一家人都平安.吉祥.順利.健康.財富.快樂.歡喜,http://www.facebook.com/468870883220645,楊丞琳羅志祥超級麻吉會,http://www.facebook.com/185158021585959
新竹縣第8選舉區,黃秀龍,無,"(張倍堃)5月7日結婚,你們出席!? (地點:九龍黃大仙新蒲崗寧遠街越秀廣場4樓)",http://www.facebook.com/154064394774208,陳玉蓮 & 黃杏秀♥__♥ 天龍八部 EP49-3 陳玉蓮 & 黃杏秀♥__♥ 天龍八部 EP49-3 Length: 13:22,http://www.facebook.com/219048631530733
新竹縣第8選舉區,林昭錡,民主進步黨
新竹縣第8選舉區,周江杰,綠黨,周江杰：誠心守護 幸福樹杞林,http://www.facebook.com/359984657486560
新竹縣第8選舉區,林思銘,中國國民黨
新竹縣第8選舉區,上官秋燕,中國國民黨
新竹縣第8選舉區,彭怡君,無
新竹縣第9選舉區,林麗華,無,"澎湖縣社區大學歌唱班 Singing Training Course, Penghu Community College (林麗華老師 莊嘉慶老師)",http://www.facebook.com/376740222413741,24屆24班後甲國中83畢林麗華老師班,http://www.facebook.com/199123166770523,王蘭花/陳麗紅/林嬋娟/翁麗玲/楊秋萍/王鈺冠/吳鳳華賞照坊,http://www.facebook.com/192971234167235
新竹縣第9選舉區,邱振瑋,無,新竹縣議員邱振瑋,http://www.facebook.com/163399030340674
新竹縣第10選舉區,彭紹松,無
新竹縣第10選舉區,彭進添,無
新竹縣第10選舉區,陳正順,中國國民黨
新竹縣第11選舉區,林光榮,中國國民黨,光榮傳說之307塞林妻,http://www.facebook.com/168335006579864
新竹縣第11選舉區,彭文彬,無
新竹縣第12選舉區,黃比德,中國國民黨
新竹縣第12選舉區,雲翔,無,雲翔（SCUD）,http://www.facebook.com/122161494498573,翔雲領隊群,http://www.facebook.com/132474290146072,雲林竣翔遙控模型專賣店,http://www.facebook.com/242941959121188,飛翔夢中的雲,http://www.facebook.com/133948996755594
新竹縣第12選舉區,范坤松,中國國民黨
新竹縣第12選舉區,柔夏‧布待,無
新竹縣第13選舉區,凱撒.巴燕,民主進步黨,凱撒 巴燕,http://www.facebook.com/1456689107943417
新竹縣第13選舉區,張定中,無,中年內衣褲大道~專門幫張富正創的社團><大家一定要支持繼續偷內衣褲下去喔~,http://www.facebook.com/640875849271188,一定係全中大最強最好既細組 - 張琛月野兔,http://www.facebook.com/131835723519852
新竹縣第13選舉區,趙一先,中國國民黨,趙一先,http://www.facebook.com/240218292738902
苗栗縣第1選舉區,謝文禓,無
苗栗縣第1選舉區,許櫻萍,民主進步黨
苗栗縣第1選舉區,胡忠勇,無
苗栗縣第1選舉區,詹運喜,民主進步黨
苗栗縣第1選舉區,鄭碧玉,中國國民黨,鄭碧玉Fans團,http://www.facebook.com/595440210546628
苗栗縣第1選舉區,呂明亮,無
苗栗縣第1選舉區,湯維岳,無,湯維岳,http://www.facebook.com/512932225493292
苗栗縣第1選舉區,徐集明,中國國民黨,徐集明,http://www.facebook.com/684115431674904
苗栗縣第1選舉區,張志宇,中國國民黨,張志宇,http://www.facebook.com/1475508686047495,社會學理論2B 張志宇組,http://www.facebook.com/329109643792204,社會學理論2A 張志宇組,http://www.facebook.com/246049402146310
苗栗縣第1選舉區,謝雷,無,謝雷粉絲專頁,http://www.facebook.com/149516141755414,黃雷呂鄭邵謝鄧氏忠親會,http://www.facebook.com/242540875778215
苗栗縣第1選舉區,禹耀東,中國國民黨,禹耀東,http://www.facebook.com/744422155577937
苗栗縣第1選舉區,陳建成,無,陳建成倒過來念還是成建陳,http://www.facebook.com/247459678597932,102建北附中成景松政陳立同樂會,http://www.facebook.com/628845813839004,馬文鈺 馬文倉陳達洪景涵林伯引黃建成  孫文郁 共和國,http://www.facebook.com/377107285708470
苗栗縣第1選舉區,邱鎮軍,無
苗栗縣第1選舉區,孫素娥,中國國民黨,孫素娥（娥媽媽）粉絲團,http://www.facebook.com/673005862807123
苗栗縣第1選舉區,涂月華,無
苗栗縣第1選舉區,傅學煥,無
苗栗縣第2選舉區,張家靜,中國國民黨
苗栗縣第2選舉區,韓茂賢,中國國民黨,韓茂賢,http://www.facebook.com/102117323228410
苗栗縣第2選舉區,羅貴星,民主進步黨
苗栗縣第2選舉區,黎旭欽,中國國民黨
苗栗縣第2選舉區,謝文俊,無,謝文俊,http://www.facebook.com/1461692444095448
苗栗縣第3選舉區,張太陽,無,太陽神張正家族,http://www.facebook.com/234177829935158
苗栗縣第3選舉區,劉秋東,中國國民黨
苗栗縣第3選舉區,李聰祥,無
苗栗縣第3選舉區,周玉滿,無,周玉滿粉絲團,http://www.facebook.com/642857129143861
苗栗縣第3選舉區,邱紹俊,無
苗栗縣第3選舉區,呂木鈿,中國國民黨
苗栗縣第3選舉區,劉寶鈴,無
苗栗縣第4選舉區,黃聲全,無,黃聲全-苗栗縣議員候選人,http://www.facebook.com/329383440574316,"全民聲討黃毓民, 陳偉業, 陳志全,梁國雄,李卓人!!  屌撚鳩你啦! 五條打靶仔!!",http://www.facebook.com/645458222147556,聲援新莊國中黃老師--一位低調全心投入帶班的好老師,http://www.facebook.com/357521967628057
苗栗縣第4選舉區,陳明朝,中國國民黨
苗栗縣第4選舉區,林寶珠,中國國民黨,德寶家族(深坑林文德林陳寶珠家族),http://www.facebook.com/1397516240502230,林小媛老師的珠寶設計課程,http://www.facebook.com/562764730517755
苗栗縣第4選舉區,鄭秋風,中國國民黨
苗栗縣第4選舉區,李文斌,中國國民黨
苗栗縣第4選舉區,連森裕,無,連森裕,http://www.facebook.com/242332875958774
苗栗縣第4選舉區,陳沅榜,無,陳沅榜 苗栗縣議員參選人 - 竹南後龍造橋,http://www.facebook.com/1464818670399874,陳沅榜縣議員,http://www.facebook.com/1389864931238392
苗栗縣第4選舉區,林一方,樹黨,林一方 苗栗縣議員競選總部,http://www.facebook.com/1488684478047390,獨立意志 林一方,http://www.facebook.com/178854695482647,林一方 臉書競選總部(公民參政議員候選人提名),http://www.facebook.com/1503740379868230,士林國小101 六年一班官方版,http://www.facebook.com/364865256896730
苗栗縣第4選舉區,翁寶桂,無
苗栗縣第4選舉區,謝端容,無
苗栗縣第4選舉區,劉順松,民主進步黨
苗栗縣第4選舉區,謝芳紋,民主進步黨
苗栗縣第4選舉區,廖英利,中國國民黨,廖英利後援會,http://www.facebook.com/262265770496467
苗栗縣第4選舉區,林洧鋅,無
苗栗縣第4選舉區,陳碧華,中國國民黨,陳碧華-臉書後援會,http://www.facebook.com/374813865948040,沙鹿國小66年(32屆)戊班-陳紫燕老師 尤碧華老師,http://www.facebook.com/506476256036655
苗栗縣第4選舉區,蕭國清,無,朱希清水國三蕭彧炮炮班,http://www.facebook.com/430994453609595
苗栗縣第5選舉區,邱秋琴,無
苗栗縣第5選舉區,羅雪珠,無
苗栗縣第5選舉區,鍾東錦,無
苗栗縣第5選舉區,陳漢清,中國國民黨,心靈意象雕刻藝術 陳漢清工作室,http://www.facebook.com/171069043035011
苗栗縣第5選舉區,陳光軒,民主進步黨,陳光軒,http://www.facebook.com/268878329957449
苗栗縣第5選舉區,李貴富,民主進步黨
苗栗縣第5選舉區,鍾褔貴,中國國民黨
苗栗縣第5選舉區,彭宇綸,無,彭宇綸粉絲,http://www.facebook.com/536409106490585
苗栗縣第5選舉區,游忠鈿,中國國民黨
苗栗縣第5選舉區,陳永賢,中國國民黨
苗栗縣第5選舉區,張淑芬,無,張淑芬老師要離開吳厝國小了  淑芬老師,http://www.facebook.com/443701768996695
苗栗縣第6選舉區,徐欽鴻,無
苗栗縣第6選舉區,陳春暖,民主進步黨,陳杰甫春暖花開感動重逢同學會,http://www.facebook.com/1425502777727399
苗栗縣第6選舉區,楊恭林,無
苗栗縣第6選舉區,楊慶汶,無
苗栗縣第7選舉區,潘秋榮,中國國民黨
苗栗縣第8選舉區,黃月娥,中國國民黨,成功國中第四屈.黃麗美.楊隆貴.蔡優滋.劉春足.劉怡洵.鄭以坡.林良彬.林善宏.林永旭.吳月娥.江淑玲,http://www.facebook.com/549417351807129
苗栗縣第8選舉區,林國雄,無,鳳林國中第3屆同學~高雄市小港區,http://www.facebook.com/358205937666246,高雄市林園區「提升國民中小學英語學習成效」實驗計畫,http://www.facebook.com/529484080473091,高雄市鳳林國中2年3班(103年度),http://www.facebook.com/481680848595069
彰化縣第1選舉區,林維浩,民主進步黨
彰化縣第1選舉區,顧文東,無
彰化縣第1選舉區,林世賢,民主進步黨,林世賢,http://www.facebook.com/1388928038015319,林明賢的同名世界,http://www.facebook.com/311300185627104,嗆馬戰將林世賢醫師,http://www.facebook.com/550443208385914,談辯論(世賢法院)書記官:林士傑.蕭如君 法官:超白目,http://www.facebook.com/440045199390655
彰化縣第1選舉區,黃千宴,中國國民黨
彰化縣第1選舉區,張瀚天,無
彰化縣第1選舉區,白玉如,中國國民黨,白玉如,http://www.facebook.com/668983306515092
彰化縣第1選舉區,唐鎮林,中國國民黨
彰化縣第1選舉區,陳俊佑,無,.陳俊輝.郭俊佑.許峰賓.球絲團,http://www.facebook.com/211152532243106
彰化縣第1選舉區,賴岸璋,民主進步黨,賴岸璋,http://www.facebook.com/600996146657772
彰化縣第1選舉區,黃秀芳,民主進步黨,黃秀芳競選打工團,http://www.facebook.com/266444450047045
彰化縣第1選舉區,葉孟家,民主進步黨
彰化縣第1選舉區,陳冠鴻,無
彰化縣第1選舉區,林茂明,無
彰化縣第1選舉區,王文東,台灣團結聯盟,文化~東港迎王,http://www.facebook.com/162578280436800,屏東愛文芒果王國,http://www.facebook.com/439927352727128,東方翔俱樂部育升補習班高一英文王朝威是個婊子,http://www.facebook.com/519255581533753
彰化縣第1選舉區,張東正,無,縣議員張東正 VS 市民代表陳銌銌,http://www.facebook.com/1537349666492689
彰化縣第1選舉區,黃育寬,民主進步黨,黃育寬,http://www.facebook.com/577579009014206,黃育寬,http://www.facebook.com/808933249127690
彰化縣第1選舉區,顧黃水花,中國國民黨
彰化縣第1選舉區,陳蔣秀美,中國國民黨,陳蔣秀美,http://www.facebook.com/323601097789624
彰化縣第1選舉區,許原龍,中國國民黨
彰化縣第1選舉區,曾世勇,中國國民黨,彰化縣議員候選人-曾世勇(彰化.芬園.花壇),http://www.facebook.com/844193065591381
彰化縣第1選舉區,黃玉芬,無,黃玉芬,http://www.facebook.com/491176550931779,林新瘋狂羽球社*(社長黃專員)副色長玉珊&小芬,http://www.facebook.com/141105749274996
彰化縣第1選舉區,吳俊緯,無,2016吳俊緯總統後援會咩><,http://www.facebook.com/358446454181705
彰化縣第1選舉區,楊經國,無,楊士賢-電子商務網站經營管理-國三A,http://www.facebook.com/497329493706201
彰化縣第2選舉區,葉國雄,民主進步黨,葉國雄,http://www.facebook.com/1425211244392395,酒國英雄~男子漢(大葉),http://www.facebook.com/148241931887706
彰化縣第2選舉區,鄭敬議,無,鄭敬議,http://www.facebook.com/294652727267346
彰化縣第2選舉區,林士堅,民主進步黨
彰化縣第2選舉區,凃淑媚,中國國民黨
彰化縣第2選舉區,陳秀寳,民主進步黨
彰化縣第2選舉區,施性鍾,中國國民黨
彰化縣第2選舉區,楊竣程,中國國民黨,楊竣程服務處,http://www.facebook.com/480748862051673
彰化縣第2選舉區,林聖哲,中國國民黨
彰化縣第2選舉區,郭國賓,無,全力支持 - 無黨籍議員侯選人 郭國賓先生 高票當選,http://www.facebook.com/850144768343744
彰化縣第2選舉區,粘勝傑,無,粘勝傑,http://www.facebook.com/270729776368300,粘勝傑加油站,http://www.facebook.com/133788393429070
彰化縣第3選舉區,林庚壬,中國國民黨
彰化縣第3選舉區,尤瑞春,民主進步黨
彰化縣第3選舉區,賴清美,民主進步黨,彰化縣議員賴清美,http://www.facebook.com/267670586598018
彰化縣第3選舉區,蕭文雄,中國國民黨,彰化縣議員參選人和美鎮民代表  蕭文雄  服務團隊,http://www.facebook.com/1450644201845145,彰化縣和美武術隊<和武>蕭文雄教練及蕭詠升教練帶領的和武蕭家班,http://www.facebook.com/117253335027739,彰化縣議員參選人和美鎮民代表蕭文雄服務團隊,http://www.facebook.com/693082404092932
彰化縣第3選舉區,黃寶隆,無
彰化縣第3選舉區,柯振杯,中國國民黨
彰化縣第3選舉區,林宗翰,無,彰化縣議員參選人 林宗翰,http://www.facebook.com/1381540805422389,林宗翰大帥哥,http://www.facebook.com/393013144105261,林宗翰的個性,http://www.facebook.com/221652121311219,反40112林宗翰,http://www.facebook.com/150267825100328
彰化縣第3選舉區,陳錦玉,中國國民黨,彰化縣議員陳錦玉 親切服務,http://www.facebook.com/191672954353329
彰化縣第3選舉區,王國忠,民主進步黨,王國忠,http://www.facebook.com/797414886955714,阿忠的王國,http://www.facebook.com/1467879893461407,志航國小六忠同學會(1974畢業/王用券老師),http://www.facebook.com/278523635632061,大王國中第26屆忠孝仁愛聯合同學會,http://www.facebook.com/535688693142202
彰化縣第4選舉區,張素芬,無,張素芬,http://www.facebook.com/638521862850109,張素芬的901,http://www.facebook.com/366655583374501,彰化縣議員候選人張素芬後援會,http://www.facebook.com/1441355192767268
彰化縣第4選舉區,張雪如,無,張雪如_給下一代愛(家暴&性侵害防治/案例分享/免費諮詢),http://www.facebook.com/118972468134856,張雪如 幸福員林 繁華再現,http://www.facebook.com/146837052061262
彰化縣第4選舉區,張仁城,中國國民黨,取消缺人俱樂部/張城城/仁哥樂音,http://www.facebook.com/167323800029618
彰化縣第4選舉區,曹嘉豪,中國國民黨,曹嘉豪,http://www.facebook.com/433213220061734,晓慧、玉仪、嘉倪、芷慧、koko lim、mengshun low、addmend lee、傅傅文、曹志豪、张文祥、乖乖镇镇、Dave Chai,http://www.facebook.com/169938966370775
彰化縣第4選舉區,江瑞演,民主進步黨
彰化縣第4選舉區,彭國成,民主進步黨
彰化縣第4選舉區,陳秋蓉,民主進步黨
彰化縣第4選舉區,劉惠娟,中國國民黨
彰化縣第4選舉區,賴澤民,民主進步黨,賴澤民,http://www.facebook.com/580277728758055
彰化縣第4選舉區,邱方銘,無,彰化縣議員候選人 邱方銘,http://www.facebook.com/622217724556117
彰化縣第4選舉區,黃正盛,中國國民黨
彰化縣第4選舉區,葉麗娟,中國國民黨,打死葉麗娟  罵髒話社團2,http://www.facebook.com/126006280872564
彰化縣第4選舉區,凃俊任,中國國民黨,凃俊任 服務處,http://www.facebook.com/513590662009071
彰化縣第4選舉區,游振雄,中國國民黨
彰化縣第5選舉區,歐陽蓁珠,民主進步黨
彰化縣第5選舉區,陳重嘉,無,陳重嘉,http://www.facebook.com/717169684985595
彰化縣第5選舉區,張春洋,無
彰化縣第5選舉區,陳文漢,中國國民黨
彰化縣第5選舉區,蔡福祿,中國國民黨
彰化縣第5選舉區,李清木,民主進步黨,李清木,http://www.facebook.com/270138823195796
彰化縣第5選舉區,楊淑鳳,中國國民黨
彰化縣第5選舉區,張永泉,無
彰化縣第6選舉區,許書維,民主進步黨,排球球星 許書維 粉絲團,http://www.facebook.com/527318730656803
彰化縣第6選舉區,蕭如意,中國國民黨
彰化縣第6選舉區,蕭智程,民主進步黨,蕭智程 向前看社田水,http://www.facebook.com/183837608407297
彰化縣第6選舉區,劉景滄,無
彰化縣第6選舉區,鄭俊雄,中國國民黨
彰化縣第6選舉區,蕭淑芬,無,縣議員 蕭淑芬,http://www.facebook.com/384932004917697
彰化縣第6選舉區,陳正忠,無,陳正忠,http://www.facebook.com/262425340617354,啟文國小  六年丁班(陳正忠),http://www.facebook.com/705202522893069,中正高工普通忠班(陳阿美),http://www.facebook.com/179364528784789
彰化縣第7選舉區,謝典霖,中國國民黨
彰化縣第7選舉區,蘇逸凱,無
彰化縣第7選舉區,劉淑芳,中國國民黨
彰化縣第7選舉區,李俊諭,民主進步黨,李俊諭,http://www.facebook.com/436263686415585,李俊諭,http://www.facebook.com/336674976374417
彰化縣第7選舉區,江熊一楓,民主進步黨
彰化縣第7選舉區,洪見洲,無
彰化縣第7選舉區,李浩誠,中國國民黨,彰化縣縣議員李浩誠服務處,http://www.facebook.com/208784752601635
彰化縣第8選舉區,陳一惇,中國國民黨,彰化縣議員 陳一惇後援會,http://www.facebook.com/158525594201001
彰化縣第8選舉區,陳光輝,無
彰化縣第8選舉區,謝彥慧,中國國民黨,議員謝彥慧後援會,http://www.facebook.com/373099706174681
彰化縣第8選舉區,洪宗熠,民主進步黨
彰化縣第8選舉區,洪遊江,台灣民族黨
彰化縣第8選舉區,林清彬,無
彰化縣第8選舉區,吳淑娟,無,吳淑娟粉絲團,http://www.facebook.com/552473471546395
彰化縣第8選舉區,蔡金蓮,無
彰化縣第9選舉區,陳榮妹,中國國民黨
彰化縣第9選舉區,謝香美,無
彰化縣第9選舉區,張新男,無
南投縣第1選舉區,王永慶,大道人民黨,王永慶,http://www.facebook.com/56497306599,Wang Yung-ching,http://www.facebook.com/174369929257613,王永慶君應援團,http://www.facebook.com/1559360167625421,王永慶旗下A.J.集團,http://www.facebook.com/320213338007454,被王永慶認可的子民,http://www.facebook.com/350419305048506
南投縣第1選舉區,曾振炎,中國國民黨
南投縣第1選舉區,于秀英,無
南投縣第1選舉區,張維華,中國國民黨,環球科大 第五屆公關系會長候選人 3號 張庭華 副會長 蕭維廷,http://www.facebook.com/360225434021818
南投縣第1選舉區,羅美玲,無
南投縣第1選舉區,林憶如,中國國民黨,聚餐.下午茶.嬉笑.如今只剩下回憶~歌林-生技,http://www.facebook.com/128631203864917
南投縣第1選舉區,蕭文進,台灣團結聯盟
南投縣第1選舉區,蔡宗智,無,蔡宗智,http://www.facebook.com/525466880933349
南投縣第1選舉區,洪志杰,無,洪志杰競選南投縣第一選區(南投市名間鄉)縣議員後援會,http://www.facebook.com/468641949899659
南投縣第1選舉區,賴燕雪,民主進步黨,濁水溪線~賴燕雪網路志工聯盟後援會,http://www.facebook.com/226046714114781,1/14 請投我媽賴燕雪一票吧!!,http://www.facebook.com/220774571337053
南投縣第1選舉區,劉宜成,中國國民黨
南投縣第1選舉區,陳翰立,民主進步黨,陳翰立〈佑昇〉壘球隊,http://www.facebook.com/650244008379892,南投縣議員陳翰立服務團隊,http://www.facebook.com/172790632881598,102th陳立數學震翰班班板,http://www.facebook.com/384311765024024
南投縣第1選舉區,游宏達,無,南投縣議員（游宏達）社團,http://www.facebook.com/1416263265311448
南投縣第1選舉區,洪明科,無
南投縣第1選舉區,李添興,無,李添興議員服務處,http://www.facebook.com/195114183991976,李添興議員服務處,http://www.facebook.com/435833256461653
南投縣第1選舉區,莊文斌,中國國民黨
南投縣第1選舉區,張龍木,無
南投縣第2選舉區,黃文君,無,黃文君,http://www.facebook.com/749739068391152,黃文君,http://www.facebook.com/567626756674651
南投縣第2選舉區,吳瑞耀,無
南投縣第2選舉區,侯嘉芳,無
南投縣第2選舉區,莊清南,中國國民黨
南投縣第2選舉區,賴忠政,無
南投縣第2選舉區,簡景賢,中國國民黨,臺灣牛的堅持·縣議員【簡景賢】,http://www.facebook.com/1921640797974222
南投縣第2選舉區,簡献清,無
南投縣第2選舉區,林永鴻,民主進步黨,林永鴻,http://www.facebook.com/1457738027794096
南投縣第2選舉區,廖宜賢,中國國民黨
南投縣第2選舉區,李洲忠,中國國民黨,李洲忠,http://www.facebook.com/436980466437122
南投縣第2選舉區,廖梓佑,民主進步黨
南投縣第2選舉區,陳國大,無,2011年國曆3月18日 禮拜五 陳家老大喜慶之漢銘與怡屏要結婚囉之萬大夥伴來聚餐,http://www.facebook.com/187250731309639,國定古蹟馬興陳宅(益源大厝),http://www.facebook.com/125118810883646,公民731行動聯盟(陳菊下台全國大遊行),http://www.facebook.com/730624807005187
南投縣第2選舉區,李銀滄,無,YnTsung Lee,http://www.facebook.com/1531987320348723
南投縣第2選舉區,洪盛雄,無,洪盛雄後援會,http://www.facebook.com/635085026610635
南投縣第2選舉區,簡賜勝,無,簡賜勝,http://www.facebook.com/1497733343797402
南投縣第2選舉區,簡峻庭,無
南投縣第3選舉區,楊孟學,無,楊孟學 南投縣議員候選人 服務團隊,http://www.facebook.com/1437982749809299
南投縣第3選舉區,謝明謀,中國國民黨
南投縣第3選舉區,陳昭煜,民主進步黨
南投縣第3選舉區,陳淑惠,中國國民黨,陸豐國小之好久以前陳八美，周淑惠，林勝興老師那一班,http://www.facebook.com/426717914033165
南投縣第3選舉區,蕭志全,中國國民黨,蕭志全 - 眼鏡,http://www.facebook.com/643618805751225,集氣~把認識擔心鴻興租車（蕭志明）阿明的的朋友全部加進來，謝謝!,http://www.facebook.com/1430082783887327
南投縣第4選舉區,吳瑞芳,無,81 年 瑞芳國小 六年四班畢業班 孫延壽 吳育達 何麗,http://www.facebook.com/220344631320506
南投縣第4選舉區,許素霞,中國國民黨,許素霞,http://www.facebook.com/357556010928162
南投縣第4選舉區,林明輝,無,林明輝西湖同學,http://www.facebook.com/269905543122491,伯爵金齡團契 林明輝,http://www.facebook.com/263810497148313,旗山國中106  導師：林明輝,http://www.facebook.com/1459091581024769
南投縣第4選舉區,林育正,無,林育正,http://www.facebook.com/262116597225806,海山幫-   林育正老師的學子們,http://www.facebook.com/234320486663262
南投縣第4選舉區,蔡宜助,中國國民黨,助您幸福～蔡宜助,http://www.facebook.com/378614102248122
南投縣第4選舉區,游顥,中國國民黨,新時代議員 新南投前進 游顥 - 竹山 鹿谷,http://www.facebook.com/368397373312842
南投縣第4選舉區,何勝豐,中國國民黨
南投縣第4選舉區,許耿禎,無
南投縣第4選舉區,蔡孟娥,無,蔡孟娥,http://www.facebook.com/1465647220376585
南投縣第4選舉區,張志銘,民主進步黨,張志銘粉絲團,http://www.facebook.com/623863031014821,張志銘高雄活動網,http://www.facebook.com/166894296815535,張志銘竹山鹿谷服務中心,http://www.facebook.com/690600380994856,張志銘參選南投縣議員日記,http://www.facebook.com/308453042636364
南投縣第5選舉區,潘一全,中國國民黨
南投縣第5選舉區,林芳伃,中國國民黨,林芳伃服務團隊專頁,http://www.facebook.com/1433139926944122
南投縣第5選舉區,黃志學,中國國民黨,藍田循道小學(舊校名)上午6A - 本人黃志偉　,http://www.facebook.com/191502194214920,和春技術學院-黃志洲老師-5、6節,http://www.facebook.com/473857279354649,和春技術學院-黃志洲老師-7、8,http://www.facebook.com/119008984956626
南投縣第5選舉區,陳永來,無
南投縣第5選舉區,吳國昌,無,Antonio Ng,http://www.facebook.com/107866765902397
南投縣第5選舉區,潘淑玫,無,潘淑玫【南投縣議員候選人】,http://www.facebook.com/691189294294563
南投縣第5選舉區,曾明雪,無,曾明雪,http://www.facebook.com/789899161061649
南投縣第5選舉區,邱美玲,中國國民黨
南投縣第5選舉區,廖志城,民主進步黨,廖志城專頁,http://www.facebook.com/283506691807551
南投縣第5選舉區,許阿甘,民主進步黨,許阿甘,http://www.facebook.com/1444573972454490
南投縣第5選舉區,王彩雲,中國國民黨,王彩雲議員服務團隊,http://www.facebook.com/232929516880915,金色琴弦 AMNESIA失憶症 歌之王子殿下 櫻蘭高校男公關部 黑執事 彩雲國物語 秦時明月,http://www.facebook.com/564140860278593
南投縣第6選舉區,陳宥瑞,無,陳宥瑞,http://www.facebook.com/306509929508838
南投縣第6選舉區,石慶龍,台灣第一民族黨,石慶龍,http://www.facebook.com/1442266092724518
南投縣第6選舉區,石忍漢,中國國民黨
南投縣第6選舉區,蔡幸子,中國國民黨,蔡幸子（豹 谷木）,http://www.facebook.com/474322466043713,蔡幸子（豹 谷木）幸福家園,http://www.facebook.com/369805689837571,蔡佳颖和丘子聪的开心幸福回忆❤,http://www.facebook.com/1405913956288304
南投縣第6選舉區,阿給拉˙拉哈拜,中華統一促進黨
南投縣第6選舉區,周吳儀君,無,周吳儀君,http://www.facebook.com/774953155894706
南投縣第7選舉區,史清水,中國國民黨,清水高中 史上最強308語資班★,http://www.facebook.com/197035103758174,清水高中【歷史與電影】,http://www.facebook.com/810406392306104,清水高中臺灣歷史與影像,http://www.facebook.com/252576271578814
南投縣第7選舉區,松秋明,無
南投縣第8選舉區,陳國雄,中國國民黨,"高雄市楠梓國小第55屆六年四班(2000年畢,陳素粉老師)",http://www.facebook.com/214827038575965,五福國中陳正雄那班的小社團,http://www.facebook.com/224468264232304,"全民聲討黃毓民, 陳偉業, 陳志全,梁國雄,李卓人!!  屌撚鳩你啦! 五條打靶仔!!",http://www.facebook.com/645458222147556
南投縣第8選舉區,廖文賢,無,//大同寶寶永遠都在X廖文賢老師應援站//,http://www.facebook.com/1389421017977984
雲林縣第1選舉區,江文登,民主進步黨,江文登議員正氣粉絲團,http://www.facebook.com/1490915277828407,加入幫派，從小弟做起。火拼廝殺，成為江湖大佬。 最受欢迎的中文黑帮游戏《黑手黨》熱血登場！,http://www.facebook.com/136129183107457
雲林縣第1選舉區,邱世文,無,邱世文粉絲團,http://www.facebook.com/240171749505809,宇宙永無末日文法之創造主~邱冠嶺~.'世界第一''排名主'.,http://www.facebook.com/487197507998094
雲林縣第1選舉區,李建志,無,雲林縣議員李建志,http://www.facebook.com/150812931776936,李建志醫師-整形聖手,http://www.facebook.com/161401677239151
雲林縣第1選舉區,林岳璋,無,林岳璋,http://www.facebook.com/589966614418101,雲林縣第一選區議員參選人「林岳璋」,http://www.facebook.com/1424106614523555,林岳璋(小白)情義會,http://www.facebook.com/296808350505554
雲林縣第1選舉區,賴淑娞,中國國民黨
雲林縣第1選舉區,周秀月,民主進步黨
雲林縣第1選舉區,李建昇,民主進步黨
雲林縣第1選舉區,蘇于珊,中國國民黨
雲林縣第1選舉區,林政亨,台灣團結聯盟,林冠亨政見發表會,http://www.facebook.com/252144518144627
雲林縣第1選舉區,王又民,中國國民黨,國王的海鮮食品平民的價格.品質衛生保證沒話說.方便又美味,http://www.facebook.com/503187046446897
雲林縣第1選舉區,黃耀煌,民主進步黨
雲林縣第1選舉區,張凱甯,無
雲林縣第1選舉區,林聖爵,中國國民黨
雲林縣第1選舉區,鍾明馨,無
雲林縣第2選舉區,吳滄得,民主進步黨
雲林縣第2選舉區,簡慈坊,無
雲林縣第2選舉區,林樹山,民主進步黨,林樹山行動服務站,http://www.facebook.com/722358027824137,樹林大同山長跑俱樂部,http://www.facebook.com/162618823780285,靈鷲山樹林中心,http://www.facebook.com/210130482365386,樹林社區大學山水花鳥班一陳能梨老師,http://www.facebook.com/241482496034864
雲林縣第2選舉區,李長發,民主進步黨,李組長眉頭一皺 發現這案情並不單純,http://www.facebook.com/399754093418223,李組長眉頭一皺，發覺案件並不單純,http://www.facebook.com/194973527296533,李組長眉頭一皺 發現臉上多了皺紋,http://www.facebook.com/417026071698101
雲林縣第2選舉區,賴明源,無
雲林縣第2選舉區,蔡東富,無,蔡東富,http://www.facebook.com/101328299950632
雲林縣第2選舉區,王秋足,中國國民黨,秋足王朝,http://www.facebook.com/163830450346018
雲林縣第2選舉區,王國勝,無,王國勝-雲林縣議員候選人,http://www.facebook.com/1431405500471746,王國勝利,http://www.facebook.com/392957860753664,统勝王國,http://www.facebook.com/194496590622341,懇請支持雲林縣議員候選人  王國勝,http://www.facebook.com/1532819213604604
雲林縣第2選舉區,沈銘恭,無
雲林縣第2選舉區,林育鳳,無,花蓮鳳林國中台灣母語日及本土教育社團,http://www.facebook.com/180016385385788
雲林縣第2選舉區,陳樹吉,無
雲林縣第3選舉區,陳乙辰,無,活力•希望—陳乙辰,http://www.facebook.com/506086952831314
雲林縣第3選舉區,黃凱,無,黃凱呈粉絲專區,http://www.facebook.com/1459367960968654,澳洲工作版/阿德雷得/南澳/布里斯本/黃金海岸/凱恩斯/昆士蘭/伯斯/西澳/墨爾本/維多利亞/雪梨/新南威爾斯/達爾文/艾莉絲泉/北領地/塔斯/坎培/,http://www.facebook.com/300472930063021,澳洲住宿Sharehouse版/阿德雷得/南澳/布里斯本/黃金海岸/凱恩斯/昆士蘭/伯斯/墨爾本/維多利亞/雪梨/新南威爾斯/達爾文/艾莉絲泉/塔斯,http://www.facebook.com/621014277914862
雲林縣第3選舉區,陳茂源,無,陳茂源,http://www.facebook.com/512747275515351
雲林縣第3選舉區,陳俊龍,無,[陳俊龍]~俱樂部,http://www.facebook.com/279563798720313,陳俊瑋的龍社團,http://www.facebook.com/1412715018950283,龍井國中309班，班導是陳俊吉的那一班！,http://www.facebook.com/193765974022615
雲林縣第3選舉區,黃鈺惠,無
雲林縣第3選舉區,張麗華,無
雲林縣第3選舉區,陳瑞雄,中國國民黨,陳瑞雄,http://www.facebook.com/357859281031181
雲林縣第3選舉區,林新丁,民主進步黨,林新丁議員網路粉絲團,http://www.facebook.com/811883088843625
雲林縣第3選舉區,吳爾夫,民主進步黨,吳爾夫英文夏令營教學小老師招募,http://www.facebook.com/168951693267786,吳爾夫  補習班,http://www.facebook.com/450855478264488,吳媽媽碧潭高爾夫球場餐廳,http://www.facebook.com/1446637578906012
雲林縣第3選舉區,蔡秋敏,民主進步黨,蔡秋敏-阿敏粉絲團,http://www.facebook.com/658252610922833
雲林縣第3選舉區,沈義隆,無,沈義隆,http://www.facebook.com/384574815011571,沈義隆服務團隊,http://www.facebook.com/1413030985645470
雲林縣第3選舉區,李錫銘,台灣團結聯盟,李錫銘,http://www.facebook.com/136059263092323,李錫銘好友社,http://www.facebook.com/557893844301070
雲林縣第3選舉區,許維修,無,許維修,http://www.facebook.com/1455747168039241,劉裕如、許維仁、高健修、李佳倩老師~粉絲團,http://www.facebook.com/233746583485206
雲林縣第3選舉區,謝翠蓮,中國國民黨,謝翠蓮議員,http://www.facebook.com/352905058210415,謝翠蓮,http://www.facebook.com/624873640958797
雲林縣第3選舉區,顏旭懋,民主進步黨,勇旭服務-顏旭懋,http://www.facebook.com/1486497141621451
雲林縣第3選舉區,沈宗隆,中國國民黨
雲林縣第3選舉區,王士壬,台灣團結聯盟
雲林縣第4選舉區,梁銘忠,無
雲林縣第4選舉區,王鐵道,無,台灣鐵道王國,http://www.facebook.com/387206788062960,南台灣鐵道及汽車客運王國South Taiwan Railway & Bus Kingdom,http://www.facebook.com/355287111160920
雲林縣第4選舉區,林丁財,無
雲林縣第4選舉區,李明哲,中國國民黨,李明哲議員,http://www.facebook.com/688187694533036,李明哲XXX,http://www.facebook.com/198148503643637,反对李文禧，李文龙和刘哲明出风头,http://www.facebook.com/214278708593240
雲林縣第4選舉區,廖朝魁,無
雲林縣第4選舉區,李權展,無
雲林縣第4選舉區,蕭澤梧,民主進步黨
雲林縣第4選舉區,廖清祥,民主進步黨
雲林縣第4選舉區,廖秋萍,民主進步黨,雲林縣議員廖秋萍,http://www.facebook.com/183600935009615,廖秋萍後援團隊,http://www.facebook.com/757936190919759,雲林縣議員廖秋萍,http://www.facebook.com/157040664350998,雲林縣議員廖秋萍粉絲團,http://www.facebook.com/167775443276815
雲林縣第4選舉區,廖錦珠,無
雲林縣第5選舉區,張素蘭,無
雲林縣第5選舉區,林深,無,~深邃森林~,http://www.facebook.com/342882085790908,林深山競選青年軍,http://www.facebook.com/629290673852979,轟動武林驚動萬教的叱吒風雲鼎第6小隊之胯下無敵鐵拳精深奧妙妙屋,http://www.facebook.com/1537273899822710
雲林縣第5選舉區,黃淑鈴,民主進步黨,黃淑鈴雲林縣議員候選人粉絲團,http://www.facebook.com/343489665815538
雲林縣第5選舉區,鄭東來,民主進步黨,縣議員鄭東來,http://www.facebook.com/587857727980018
雲林縣第5選舉區,李培元,無,李培元,http://www.facebook.com/179793645474384
雲林縣第5選舉區,林建鴻,無
雲林縣第5選舉區,許志豪,民主進步黨,宜蘭大學許湯豪李志祥之電資系籃戰隊,http://www.facebook.com/168935593133434
雲林縣第5選舉區,張健福,民主進步黨
雲林縣第5選舉區,蘇俊豪,無
雲林縣第5選舉區,王清貴,中國國民黨,王清貴,http://www.facebook.com/359996600843642
雲林縣第5選舉區,林木城,無,納智捷Yaris三菱煙油爽檳榔木屐冰鎮魯味陰毛來倒車入庫吞下去樹林板橋土城台客狗妹團,http://www.facebook.com/231105723630644
雲林縣第6選舉區,黃勝賢,無
雲林縣第6選舉區,蕭慧敏,無
雲林縣第6選舉區,王新堯,無
雲林縣第6選舉區,林哲凌,民主進步黨,林哲凌,http://www.facebook.com/640424622706040,林哲凌志工團隊,http://www.facebook.com/472333762874946,林哲凌、蕭順心聯合服務處,http://www.facebook.com/1441723252775180
雲林縣第6選舉區,蔡孟真,無,雲林縣議員蔡孟真粉絲團,http://www.facebook.com/114088095339422
雲林縣第6選舉區,黃文祥,無
雲林縣第6選舉區,翁水上,無
雲林縣第6選舉區,蔡岳儒,民主進步黨,蔡岳儒,http://www.facebook.com/293352697389293,雲林縣議員蔡岳儒,http://www.facebook.com/140387106156099,蔡岳儒力挺蔡英文李進勇網路後援會,http://www.facebook.com/260806217289112
嘉義縣第1選舉區,陳瑞霖,民主進步黨,陳瑞霖  嘉義縣議員參選人 第一選區：水上鄉、太保市、鹿草鄉,http://www.facebook.com/1424066297862711
嘉義縣第1選舉區,董國誠,無,董國誠  市長 粉絲團,http://www.facebook.com/509793772454228
嘉義縣第1選舉區,王啟澧,中國國民黨,王啟澧,http://www.facebook.com/619389268176506
嘉義縣第1選舉區,林緗亭,民主進步黨,林緗亭，需要您相挺！,http://www.facebook.com/1405776139679180
嘉義縣第1選舉區,林寶瓶,中國國民黨
嘉義縣第1選舉區,林沐惠,民主進步黨
嘉義縣第1選舉區,詹琬蓁,無
嘉義縣第1選舉區,戴光宗,民主進步黨
嘉義縣第1選舉區,吳忠原,無
嘉義縣第1選舉區,葉長青,無,HYJK 紅葉基督長老教會 青年團契,http://www.facebook.com/114429911968669,YAMAHA山葉機車長青聯誼會,http://www.facebook.com/1440980346173638,北葉基督長老教會♥青年團契,http://www.facebook.com/216578151722207
嘉義縣第2選舉區,林山景,台灣團結聯盟,寶貝美景山林為伴,http://www.facebook.com/151575591577012,觀景山林--激動男,http://www.facebook.com/244361179077189,20110711-17全國第十次大露營忠孝營區第三分團(士林.內湖.景美.附中.麗山),http://www.facebook.com/231660503532236
嘉義縣第2選舉區,馬瑞駿,無
嘉義縣第2選舉區,林于玲,中國國民黨,林于玲,http://www.facebook.com/771994656173169
嘉義縣第2選舉區,林秀琴,民主進步黨,林秀琴,http://www.facebook.com/318838848210480,林秀琴,http://www.facebook.com/368513069982878
嘉義縣第2選舉區,葉孟龍,民主進步黨,臥龍吟-S06-七擒孟獲-紅葉軍團,http://www.facebook.com/273679879331406
嘉義縣第2選舉區,賴朝崙,無,嘉義縣議員賴朝崙 青年軍後援會,http://www.facebook.com/1981986981942027
嘉義縣第2選舉區,陳福成,無
嘉義縣第2選舉區,黃芳蘭,無
嘉義縣第2選舉區,黃嘉寬,民主進步黨,黃嘉寬,http://www.facebook.com/470639803052108
嘉義縣第2選舉區,陳文忠,無,陳文忠,http://www.facebook.com/279955868860254,啟文國小  六年丁班(陳正忠),http://www.facebook.com/705202522893069,"蔡英文、陳志忠、東和玉菩提香在板橋體育場賣香,查到了「陳水扁、呂秀連槍擊案、連勝文槍擊案」",http://www.facebook.com/629041113817377
嘉義縣第3選舉區,郭芳宜,民主進步黨,支持陳柏文和郭宜芳團XDDD,http://www.facebook.com/233186213481673
嘉義縣第3選舉區,葉和平,民主進步黨,平和（平次x和葉）迷粉絲團,http://www.facebook.com/555901064490974,功幹葉泓毅和林太平,http://www.facebook.com/119222224916443
嘉義縣第3選舉區,吳思蓉,中國國民黨,吳思蓉,http://www.facebook.com/689465994461843
嘉義縣第3選舉區,詹金繪,民主進步黨
嘉義縣第3選舉區,陳保仁,中國國民黨,陳保仁,http://www.facebook.com/292821227573624,陳保仁粉絲團,http://www.facebook.com/721486627888700,保良局陳守仁小學學生(is/was),http://www.facebook.com/204305286257227,PLKCTSLPS P.6A year 2002-03 (2002-03年度保良局陳守仁小學 小六甲班),http://www.facebook.com/229370057097799
嘉義縣第3選舉區,何佳容,無,嘉義縣議員候選人−何佳容（溪口、大林、梅山）,http://www.facebook.com/839628979415488
嘉義縣第3選舉區,簡泰河,親民黨,簡泰河,http://www.facebook.com/841848552499920,傾聽民心，重新出發的簡泰河。,http://www.facebook.com/283047248543878
嘉義縣第4選舉區,姜梅紅,無
嘉義縣第4選舉區,陳怡岳,民主進步黨,嘉義縣議員 陳怡岳 - 後援會,http://www.facebook.com/1413482795573941
嘉義縣第4選舉區,黃錦成,民主進步黨
嘉義縣第4選舉區,龔昆池,無
嘉義縣第4選舉區,蔡鼎三,民主進步黨
嘉義縣第4選舉區,李國勝,中國國民黨,嘉義縣議員李國勝服務團隊,http://www.facebook.com/1638472323044800,鴻勝蔡李佛林國健身學院暨同學會,http://www.facebook.com/677363672282896,港佛鴻勝蔡李佛李源國術同學會,http://www.facebook.com/405584119494073
嘉義縣第4選舉區,陳永法,中國國民黨,陳永鋒醫師-佛法<與同修討論分享>,http://www.facebook.com/483183401695445
嘉義縣第4選舉區,蔡奇璋,中國國民黨
嘉義縣第4選舉區,黃嫈珺,民主進步黨,黃嫈珺議員,http://www.facebook.com/161612280552489
嘉義縣第5選舉區,蔡瑋傑,民主進步黨
嘉義縣第5選舉區,黃金茂,中國國民黨
嘉義縣第5選舉區,翁聰賢,民主進步黨,翁聰賢,http://www.facebook.com/536942449697551
嘉義縣第5選舉區,蔡信典,無
嘉義縣第6選舉區,羅士洋,民主進步黨
嘉義縣第6選舉區,張貴忠,民主進步黨
嘉義縣第6選舉區,侯清河,中國國民黨
嘉義縣第6選舉區,詹黃素蓮,中國國民黨
嘉義縣第6選舉區,林來宸,民主進步黨
嘉義縣第6選舉區,何子凡,無,選對的人，做對的事！何子凡,http://www.facebook.com/1514256798812668
嘉義縣第6選舉區,張明達,民主進步黨,張明達,http://www.facebook.com/145769795561950,《伊達傳說》第五伺服器《光明》半張床出租之家,http://www.facebook.com/271946476216992
嘉義縣第6選舉區,陳柏麟,民主進步黨
嘉義縣第6選舉區,曾亮哲,民主進步黨
嘉義縣第7選舉區,楊貴榮,中國國民黨
嘉義縣第7選舉區,汪啟聖,無
嘉義縣第7選舉區,湯保富,無
嘉義縣第7選舉區,石信忠,無
屏東縣第1選舉區,蔣月惠,無
屏東縣第1選舉區,李世斌,民主進步黨,李世斌議員服務處,http://www.facebook.com/209856472373391
屏東縣第1選舉區,張平原,無,張平原,http://www.facebook.com/204144003101097
屏東縣第1選舉區,王勤毅,無
屏東縣第1選舉區,張金文,無,宇宙中華民族 正統道教 台灣文昌文昌夫人公媽祖文昌帝君文昌帝后張府王爺簡師甫公媽總始祖神帝后暨眾神帝后暨聖父母總祖祠廟聯誼會暨建廟基金暨慈善功德會,http://www.facebook.com/1500735233491770,保良局金銀業貿易場張凝文學校校友會,http://www.facebook.com/8605449058,保良局金銀業貿易場張凝文學校08-09 六年級學生and老師,http://www.facebook.com/118740346225
屏東縣第1選舉區,施蘇貴美,無
屏東縣第1選舉區,蘇義峰,民主進步黨,蘇義峰服務團隊,http://www.facebook.com/780941208596715
屏東縣第1選舉區,郭姿伶,中國國民黨,郭姿伶,http://www.facebook.com/431146850356557,郭姿伶 Lïņdå,http://www.facebook.com/149144418569167
屏東縣第1選舉區,賀育寒,中國國民黨
屏東縣第1選舉區,鍾淑娟,民主進步黨,鍾淑娟-屏東縣議員擬參選人,http://www.facebook.com/185210871603712
屏東縣第1選舉區,蔣家煌,無
屏東縣第1選舉區,陳美瓊,中國國民黨
屏東縣第1選舉區,黃國安,中國國民黨,黃國安,http://www.facebook.com/572851912810302,文安國小 好久不見~六年丙班同學會!!!  導師黃憲宗,http://www.facebook.com/780019395353466,20110701-0715黃安祺的丟包迷路法國團,http://www.facebook.com/247987675213385
屏東縣第1選舉區,王偉華,中國國民黨,王偉華粉絲團,http://www.facebook.com/604980162922097
屏東縣第1選舉區,林明順,無
屏東縣第1選舉區,鍾明輝,民主進步黨
屏東縣第1選舉區,劉育豪,民主進步黨
屏東縣第1選舉區,楊子鵬,親民黨
屏東縣第1選舉區,陳進富,無,反對陳晨富在校內對學生進行不公平的待遇,http://www.facebook.com/128283414004480
屏東縣第1選舉區,李幸惠,無
屏東縣第1選舉區,唐玉琴,中國國民黨,唐玉琴粉絲團,http://www.facebook.com/1417973278448760
屏東縣第2選舉區,王景山,中國國民黨,縣議員王景山,http://www.facebook.com/249980735189038,屏東縣議員 王景山,http://www.facebook.com/360636500651767
屏東縣第2選舉區,江維屏,民主進步黨,江維屏,http://www.facebook.com/318407691661604
屏東縣第2選舉區,鄭雙銓,中國國民黨,鄭雙銓,http://www.facebook.com/481839518615043
屏東縣第2選舉區,吳亮慶,民主進步黨,吳亮慶,http://www.facebook.com/307149335986354,吳亮慶的六年四班,http://www.facebook.com/244829048870310
屏東縣第2選舉區,盧文瑞,無,盧文瑞與張有權聯合競選後援會,http://www.facebook.com/634592116638741
屏東縣第2選舉區,陳明達,民主進步黨,陳明達 屏東縣議員候選人,http://www.facebook.com/706267162753971
屏東縣第2選舉區,羅緹瀅,民主進步黨
屏東縣第2選舉區,宋麗華,中國國民黨,宋麗華,http://www.facebook.com/1468006766809136,宋麗華,http://www.facebook.com/701996733185310
屏東縣第2選舉區,陳芳琍,民主進步黨
屏東縣第2選舉區,何春美,中國國民黨
屏東縣第2選舉區,尤慶賀,無,尤慶賀,http://www.facebook.com/628736633913128
屏東縣第2選舉區,盧靖雯,無
屏東縣第3選舉區,曾喜城,無
屏東縣第3選舉區,曾福金,民主進步黨
屏東縣第3選舉區,潘淑眞,民主進步黨
屏東縣第3選舉區,陳志成,無,陳志成後援會,http://www.facebook.com/405158029612728,陳志成家族導聚,http://www.facebook.com/160427530764701,陳振裕子孙(志成堂),http://www.facebook.com/649910228383819,眾志成陳 In 澎湖,http://www.facebook.com/191239187620366
屏東縣第3選舉區,廖秀琴,民主進步黨
屏東縣第3選舉區,林郁虹,中國國民黨
屏東縣第3選舉區,曾彥屏,民主進步黨
屏東縣第3選舉區,徐榮耀,中國國民黨,徐榮耀服務團隊,http://www.facebook.com/1496243250614666,徐進耀(公)徐鄒榮妹(婆),http://www.facebook.com/200626796664591
屏東縣第3選舉區,黃建溢,民主進步黨
屏東縣第3選舉區,許馨勻,中國國民黨
屏東縣第3選舉區,李世淦,中國國民黨,李世淦,http://www.facebook.com/388964537803803
屏東縣第3選舉區,劉淼松,中國國民黨
屏東縣第3選舉區,林宗俉,民主進步黨
屏東縣第3選舉區,潘長成,台灣團結聯盟,潘長成議員服務團隊,http://www.facebook.com/687190774705478,潘心詠快樂成長園地,http://www.facebook.com/681180375234329
屏東縣第3選舉區,王志豐,中國國民黨
屏東縣第4選舉區,何輝能,民主進步黨,屏東縣議員何輝能,http://www.facebook.com/263956823636838
屏東縣第4選舉區,黃纓桔,民主進步黨,黃纓桔,http://www.facebook.com/258121954329382,黃纓桔,http://www.facebook.com/185616319231
屏東縣第4選舉區,盧同恊,民主進步黨
屏東縣第4選舉區,林蔡鳯梅,無
屏東縣第4選舉區,郭再添,無,屏東縣議員郭再添,http://www.facebook.com/875161245834352
屏東縣第4選舉區,李香蘭,中國國民黨,李香蘭,http://www.facebook.com/18161258170
屏東縣第4選舉區,黃坤能,無,黃坤能議員鄉親服務園地,http://www.facebook.com/526995367433776
屏東縣第4選舉區,許展維,民主進步黨,許展維,http://www.facebook.com/701317096548097,許維玿的展示設計社群,http://www.facebook.com/1440985249493602
屏東縣第4選舉區,劉水復,無
屏東縣第4選舉區,鄭寶川,無,鄭寶川,http://www.facebook.com/545892292206381
屏東縣第4選舉區,周典論,無,周二 戲劇經典討論會&編劇工作坊,http://www.facebook.com/447338938638688
屏東縣第4選舉區,李德全,無,李德全 屏東縣議員第四選區候選人-萬丹、新園、東港,http://www.facebook.com/1468659196735927,Li Dequan,http://www.facebook.com/171191989570038
屏東縣第5選舉區,羅平道,民主進步黨
屏東縣第5選舉區,王啟敏,中國國民黨
屏東縣第5選舉區,林玉花,民主進步黨,林玉花,http://www.facebook.com/102030863222077
屏東縣第5選舉區,楊嘉慶,民主進步黨,楊嘉慶,http://www.facebook.com/283080865205325
屏東縣第5選舉區,周碧雲,民主進步黨
屏東縣第6選舉區,鍾乙豪,民主進步黨
屏東縣第6選舉區,李志偉,民主進步黨,"全民聲討黃毓民, 陳偉業, 陳志全,梁國雄,李卓人!!  屌撚鳩你啦! 五條打靶仔!!",http://www.facebook.com/645458222147556,香港詠春體育會 - 李偉志詠春同學會,http://www.facebook.com/194628910734517
屏東縣第6選舉區,葉明順,無
屏東縣第6選舉區,陳文弘,民主進步黨,陳弘毅國中補習班同學會(請多注意右邊文件發佈同學會的消息),http://www.facebook.com/182923125053098
屏東縣第6選舉區,張榮志,中國國民黨,反張志榮粉絲會,http://www.facebook.com/435944446416986,忠信2010(99)級PTd張志榮的月光寶盒歐斯曼菲(幸福久久家族),http://www.facebook.com/185443764812785,忠信2013（102)級PTd張志榮的月光寶盒歐斯曼菲（追風少年家族）,http://www.facebook.com/153357234839477
屏東縣第7選舉區,王薇茗,無
屏東縣第7選舉區,洪慈綪,無,洪慈綪,http://www.facebook.com/1508150749425337
屏東縣第8選舉區,潘裕隆,中國國民黨
屏東縣第9選舉區,柯富國,中國國民黨
屏東縣第9選舉區,歸曉惠,無,溫柔的力量  屏東縣議員候選人-歸曉惠,http://www.facebook.com/549820118451563,溫柔的力量  屏東縣議員候選人-歸曉惠,http://www.facebook.com/708970402527568
屏東縣第10選舉區,陳生明,中國國民黨,陳生明,http://www.facebook.com/1514055875482486,瑪家鄉-陳生明,http://www.facebook.com/333935126759031,102救生班陳明宗,http://www.facebook.com/496139967141438,明華園第三代小生～～陳昭錦,http://www.facebook.com/175035316560,財管102陳明吉導生班,http://www.facebook.com/266491636738453
屏東縣第10選舉區,陸月嬌,無
屏東縣第11選舉區,潘政治,中國國民黨
屏東縣第11選舉區,何長成,無,何長成議員後援會,http://www.facebook.com/683143338439518,何小寶的成長日記,http://www.facebook.com/450966871715948,(IES)線上遊戲如何影響青少年的個人成長,http://www.facebook.com/1519801038247922
屏東縣第12選舉區,簡寶玉,中國國民黨
屏東縣第12選舉區,潘正義,無
屏東縣第12選舉區,李宜潔,無,李宜潔-新北市議員候選人,http://www.facebook.com/1393545017582702
屏東縣第13選舉區,陳昭忠,中國國民黨
屏東縣第13選舉區,林輝雄,無
屏東縣第14選舉區,李冀香,中國國民黨
屏東縣第14選舉區,陳秋香,無
屏東縣第15選舉區,許天賜,中國國民黨
屏東縣第16選舉區,宋克強,無,宋克強 - 克萊,http://www.facebook.com/783497328342251,宋克強-克萊,http://www.facebook.com/233264163536151
屏東縣第16選舉區,顏金成,中國國民黨
宜蘭縣第1選舉區,楊順木,無
宜蘭縣第1選舉區,陳永錰,無
宜蘭縣第1選舉區,羅文清,無,清流聯盟-羅文清 縣議員參選人,http://www.facebook.com/1446028645659871
宜蘭縣第1選舉區,江碧華,中國國民黨,碧華國中-7-江明遠,http://www.facebook.com/178790235546010
宜蘭縣第1選舉區,黃定和,中國國民黨,黃定和,http://www.facebook.com/229721173842726
宜蘭縣第1選舉區,林岳賢,中國國民黨
宜蘭縣第1選舉區,張建榮,中國國民黨
宜蘭縣第1選舉區,張曜顯,民主進步黨,張曜顯,http://www.facebook.com/160783447445432
宜蘭縣第1選舉區,吳福田,民主進步黨
宜蘭縣第1選舉區,莊淑如,中國國民黨,莊淑如,http://www.facebook.com/687859794634444
宜蘭縣第1選舉區,余美雪,民主進步黨
宜蘭縣第1選舉區,林錫明,無
宜蘭縣第1選舉區,陳進亮,台灣團結聯盟
宜蘭縣第1選舉區,林志鴻,民主進步黨,林志鴻,http://www.facebook.com/795726127106712,林志鴻,http://www.facebook.com/295853177245815,林志鴻根本宅神,http://www.facebook.com/276232899086911,林鴻志導生聚,http://www.facebook.com/549019275115365,94級三信(有林志鴻),http://www.facebook.com/221760001181530
宜蘭縣第2選舉區,林金龍,民主進步黨,九甲埔太子宮 林金龍,http://www.facebook.com/205702586275717,彰化和美金龍宮之林家班,http://www.facebook.com/622857754500744,"香港南少林梁誠忠金龍, 醒獅,國術體育會",http://www.facebook.com/117348201635757
宜蘭縣第2選舉區,楊惠民,無
宜蘭縣第2選舉區,陳秀暖,中國國民黨
宜蘭縣第2選舉區,林東成,無,"吉林大學冬令營最屌第三車!!""東""北""成""義""!!",http://www.facebook.com/453191358073358,告急~一人一包飼料~幫幫台東成功林媽媽狗園……,http://www.facebook.com/1416129292000960
宜蘭縣第3選舉區,巫紫汝,無
宜蘭縣第3選舉區,李清林,中國國民黨
宜蘭縣第3選舉區,吳宏謀,民主進步黨
宜蘭縣第3選舉區,林成功,無,礁溪要成功＞林成功（鄉長候選人）,http://www.facebook.com/270384153062081,成功國中第四屈.黃麗美.楊隆貴.蔡優滋.劉春足.劉怡洵.鄭以坡.林良彬.林善宏.林永旭.吳月娥.江淑玲,http://www.facebook.com/549417351807129,2014成功電研×景美電資聯合暑訓-椰林蝶影,http://www.facebook.com/341415532675491,雲林縣林內鄉成功國小,http://www.facebook.com/132895793584294
宜蘭縣第4選舉區,廖明照,無,廖明照,http://www.facebook.com/1414738275446866
宜蘭縣第4選舉區,陳俊宇,民主進步黨,陳俊宇粉絲後援會,http://www.facebook.com/655947977837644,陳俊宇後援會,http://www.facebook.com/153508601490938,陳俊宇,http://www.facebook.com/514873278522707,陳俊宇後援會,http://www.facebook.com/1481651655435534
宜蘭縣第4選舉區,黃浴沂,中國國民黨,黃浴沂,http://www.facebook.com/207149772808093
宜蘭縣第4選舉區,張漢東,民主進步黨,張漢東,http://www.facebook.com/106101819421524,東貝囂張小屁孩準癡漢鹹濕俱樂部,http://www.facebook.com/425845600868313
宜蘭縣第4選舉區,林錦坤,無
宜蘭縣第5選舉區,陳福山,無
宜蘭縣第5選舉區,黃建勇,中國國民黨,建設新壯圍，議員要有勇／黃建勇,http://www.facebook.com/1539030216316252
宜蘭縣第5選舉區,林水金,民主進步黨,金薯王-原水林地瓜王,http://www.facebook.com/416924988325513,MIT雲林阿峰白金黑帝王魟魚 MIT哲瑜皇冠黑白魟魚 水族繁殖場,http://www.facebook.com/169443983248627,金水子孫的林氏家族團,http://www.facebook.com/356569997805587
宜蘭縣第6選舉區,吳秋齡,中國國民黨
宜蘭縣第6選舉區,陳鴻禧,中國國民黨,茨前茨後ㄟ好朋友 / 陳鴻禧議員,http://www.facebook.com/763034980384934
宜蘭縣第6選舉區,劉添梧,民主進步黨
宜蘭縣第6選舉區,黃素琴,民主進步黨,宜蘭 黃素琴 Berlin,http://www.facebook.com/152684321415031
宜蘭縣第6選舉區,謝志得,民主進步黨
宜蘭縣第6選舉區,陳漢鍾,無,陳漢鍾服務團隊,http://www.facebook.com/227512877410008
宜蘭縣第7選舉區,黃適超,民主進步黨
宜蘭縣第7選舉區,沈德茂,無,沈德茂 - 宜蘭愛加倍,http://www.facebook.com/544633332300453
宜蘭縣第7選舉區,林朝旺,中國國民黨
宜蘭縣第7選舉區,張明華,民主進步黨,張明華縣議員參選人問政廣場,http://www.facebook.com/779331608779877,東華三院張明添中學設計與科技校隊,http://www.facebook.com/207276152633550,"東華三院張明添中學校友會 TWGHs CMT College Alumni Association - 同一學校, 同一夢想",http://www.facebook.com/182975181798520,東華三院張明添中學2007年度F.5畢業同學會,http://www.facebook.com/148970785786
宜蘭縣第8選舉區,張建成,無,張建成,http://www.facebook.com/1419953148237862
宜蘭縣第8選舉區,楊政誠,中國國民黨,楊政誠議員服務處,http://www.facebook.com/1452263081718244
宜蘭縣第8選舉區,邱素梅,無,邱素梅,http://www.facebook.com/299243733594706
宜蘭縣第8選舉區,林松根,中國國民黨
宜蘭縣第8選舉區,張秋明,民主進步黨
宜蘭縣第8選舉區,薛呈懿,樹黨,薛呈懿 Hsueh ChengYi,http://www.facebook.com/1683206055238820
宜蘭縣第8選舉區,游祥德,民主進步黨
宜蘭縣第9選舉區,陳文昌,民主進步黨
宜蘭縣第9選舉區,李志鏞,中國國民黨
宜蘭縣第10選舉區,林騰煌,中國國民黨
宜蘭縣第10選舉區,邱嘉進,民主進步黨,承擔‧看見未來‧邱嘉進,http://www.facebook.com/1376910005891899
宜蘭縣第10選舉區,林棋山,中國國民黨
宜蘭縣第10選舉區,陳正男,無
宜蘭縣第10選舉區,王明輝,民主進步黨,王明輝,http://www.facebook.com/684044785015509,"大量收購去世明星絕版cd,演唱會dvd,演唱會vcd!新藝寶金碟!美國版金碟,光輝歲月金碟套裝!鄧麗君舊版十五周年金碟!王菲金碟舊版",http://www.facebook.com/370586353015227,"大量收購去世明星絕版cd,演唱會dvd,演唱會vcd!新藝寶金碟!美國版金碟,光輝歲月金碟套裝!鄧麗君舊版十五周年金碟!王菲金碟舊版",http://www.facebook.com/451036384928544,"大量收購去世明星絕版cd,演唱會dvd,演唱會vcd!新藝寶金碟!美國版金碟,光輝歲月金碟套裝!鄧麗君舊版十五周年金碟!王菲金碟舊版",http://www.facebook.com/333817626706124
宜蘭縣第10選舉區,鄭金池,無
宜蘭縣第11選舉區,陳慶喜,中國國民黨,陳慶喜（Kacaw.panong),http://www.facebook.com/1460650457552775,2011年國曆3月18日 禮拜五 陳家老大喜慶之漢銘與怡屏要結婚囉之萬大夥伴來聚餐,http://www.facebook.com/187250731309639
宜蘭縣第11選舉區,孫湯玉惠,無,還原。孫湯玉惠,http://www.facebook.com/634102719998133,孫湯玉惠競選總部,http://www.facebook.com/1520270688190269
宜蘭縣第11選舉區,陳柳造,無
宜蘭縣第11選舉區,洪林雨萍,無,洪林雨萍-巴奈卡洛,http://www.facebook.com/1471767246422427,洪林雨萍,http://www.facebook.com/768263629899082,洪林雨萍 - 巴奈卡洛,http://www.facebook.com/626024624181472
宜蘭縣第12選舉區,陳傑麟,親民黨
宜蘭縣第12選舉區,李玉蕙,中國國民黨
宜蘭縣第13選舉區,江明順,中國國民黨
宜蘭縣第13選舉區,陳孝仁,中國國民黨
宜蘭縣第13選舉區,松王淑珍,中國國民黨
花蓮縣第1選舉區,方建興,民主進步黨,強力反對西方寺興建骨灰龕,http://www.facebook.com/130862033661170
花蓮縣第1選舉區,李秋旺,中國國民黨
花蓮縣第1選舉區,楊文值,中國國民黨
花蓮縣第1選舉區,江如玲,中國國民黨
花蓮縣第1選舉區,莊枝財,民主進步黨
花蓮縣第1選舉區,魏嘉賢,中國國民黨,魏嘉賢後援會,http://www.facebook.com/165533803086
花蓮縣第1選舉區,施慧萍,中國國民黨
花蓮縣第1選舉區,楊華美,無,楊華美,http://www.facebook.com/1478794795699467,青華太極美孚班 (楊家太極及推手),http://www.facebook.com/161500997214603
花蓮縣第1選舉區,劉曉玫,民主進步黨,劉曉玫服務專頁,http://www.facebook.com/136793696430296,縣議員劉曉玫服務專區,http://www.facebook.com/314936945189568
花蓮縣第1選舉區,釋楊悟空,親民黨,釋楊悟空 後援會,http://www.facebook.com/245356492320885,親民黨 釋楊悟空,http://www.facebook.com/191471434266857,親民黨花蓮縣議員候選人釋楊悟空後援會,http://www.facebook.com/585586114897784
花蓮縣第1選舉區,林宗昆,中國國民黨,林宗昆 熱血青年團,http://www.facebook.com/464832493658248
花蓮縣第1選舉區,謝國榮,中國國民黨,謝國榮 『議員與市代』謝宜萱,http://www.facebook.com/675323855856828,禮拜天下午 ANDY 謝先生 光榮歸國慶祝會!!,http://www.facebook.com/482063535225485
花蓮縣第1選舉區,施金樹,民主進步黨
花蓮縣第2選舉區,賴進坤,中國國民黨
花蓮縣第2選舉區,何禮臺,中國國民黨
花蓮縣第3選舉區,鄭乾龍,民主進步黨
花蓮縣第3選舉區,黃晨霖,中國國民黨,黃晨霖,http://www.facebook.com/1388352301413198
花蓮縣第3選舉區,邱永双,中國國民黨,花蓮縣議員邱永双,http://www.facebook.com/457234427628294
花蓮縣第3選舉區,游淑貞,無
花蓮縣第3選舉區,林殷全,無
花蓮縣第3選舉區,吳建志,中國國民黨,吳建志,http://www.facebook.com/735576183142166,吳建志,http://www.facebook.com/474689765895467,103年建築系工廠實習吳永發/吳志南,http://www.facebook.com/710670689001837,"花蓮青年後援會>將在12月3日早上十點假花蓮客運總站馬吳競選總部成立,希花蓮的青年朋友能站出來一起為台灣加油, 總會長:莊明祥 活動執行長:吳建志在此",http://www.facebook.com/142605069176389
花蓮縣第3選舉區,張峻,中國國民黨,張峻瑝,http://www.facebook.com/1535550513343672,張峻豪,http://www.facebook.com/192221450908462,張峻碩,http://www.facebook.com/443253682483026,峻源張club,http://www.facebook.com/200010396685525,張峻旗小gay旗,http://www.facebook.com/142595579155761,"""張峻""粉絲團",http://www.facebook.com/163629793703952
花蓮縣第3選舉區,游美雲,民主進步黨,游美雲,http://www.facebook.com/426608817382756,花蓮縣議員游美雲線上及時服務專區,http://www.facebook.com/162012843981656
花蓮縣第3選舉區,徐雪玉,中國國民黨,歸中徐玉雪的303  2013同學會報名中,http://www.facebook.com/126595964073482
花蓮縣第3選舉區,張正治,中國國民黨,反張正平聯盟(E.TsI.B病毒防治與研究中心),http://www.facebook.com/111894342307521
花蓮縣第3選舉區,葉鯤璟,無
花蓮縣第3選舉區,謝明圳,無,謝明圳,http://www.facebook.com/1445869575694329
花蓮縣第3選舉區,黃振富,民主進步黨
花蓮縣第3選舉區,康木樹,無,樹木健康網,http://www.facebook.com/243579292408932
花蓮縣第4選舉區,張錫銘,無,張錫銘,http://www.facebook.com/371175612956145,張錫銘,http://www.facebook.com/106971732718515,"反""張錫銘""",http://www.facebook.com/413664575356650
花蓮縣第4選舉區,王燕美,無
花蓮縣第4選舉區,蔡秋龍,中國國民黨
花蓮縣第4選舉區,張智冠,中國國民黨
花蓮縣第4選舉區,蘇孝信,無
花蓮縣第4選舉區,潘富民,中國國民黨
花蓮縣第5選舉區,蕭民隆,中國國民黨
花蓮縣第5選舉區,余夏夫,中國國民黨
花蓮縣第5選舉區,笛布斯‧顗賚,無,笛布斯‧顗賚,http://www.facebook.com/185063218270244,小辣椒議員笛布斯.顗賚臉書服務處,http://www.facebook.com/612756185481703,小辣椒  笛布斯˙顗賚競選總部,http://www.facebook.com/197202313677443
花蓮縣第5選舉區,林秋美,無,林秋美議員,http://www.facebook.com/701801999901495,寵物森林之中秋遇見美道兔,http://www.facebook.com/157808044257509
花蓮縣第5選舉區,羅名材,中國國民黨
花蓮縣第6選舉區,楊德金,中國國民黨,楊德金服務團隊,http://www.facebook.com/191419237547073,楊庭瑋真是帥的無與倫比 金毛男真是超萌的 陳德深真是帥的無話可說,http://www.facebook.com/182525731912191
花蓮縣第6選舉區,孫永昌,中國國民黨
花蓮縣第6選舉區,高潞‧以用‧巴魕剌,無,高潞‧以用‧巴魕剌,http://www.facebook.com/1478244282451341
花蓮縣第6選舉區,萬榮財,無
花蓮縣第7選舉區,詹金福,親民黨
花蓮縣第7選舉區,陳英妹,無
花蓮縣第7選舉區,徐成國,中國國民黨,徐惠媛北成國小410同學,http://www.facebook.com/393557253999348
花蓮縣第7選舉區,陳建忠,中國國民黨
花蓮縣第7選舉區,林聖明,無,員林明聖宮,http://www.facebook.com/153001628222895,員林明聖宮,http://www.facebook.com/429878803727858,鶯歌區南聖宮管理委員會（神明代言人：林定心師姐）,http://www.facebook.com/1378499052386125
花蓮縣第8選舉區,田韻馨,無
花蓮縣第8選舉區,張文成,無,龍岡AB班(廖文成&張美榮),http://www.facebook.com/245336192229063,"召集 100,000 個人 反對港澳辦副主任張曉明撰文指香港要完成《基本法》23條立法",http://www.facebook.com/339701616128719
花蓮縣第8選舉區,許淑銀,中國國民黨
花蓮縣第9選舉區,陳長明,中國國民黨,新莊市民本里里長候選人 陳明傑,http://www.facebook.com/166939949999859
花蓮縣第9選舉區,吳香蘭,中國國民黨
花蓮縣第10選舉區,蘇正清,中國國民黨,蘇打泡泡正韓時尚網( 夏末秋冬現貨出清),http://www.facebook.com/354673414624004
花蓮縣第10選舉區,蘇忠亮,中國國民黨
花蓮縣第10選舉區,陳鶴章,中國國民黨
花蓮縣第10選舉區,余秀珠,中國國民黨
臺東縣第1選舉區,洪宗楷,民主進步黨
臺東縣第1選舉區,黃俊銘,無,黃俊銘的朋友,http://www.facebook.com/340431799384381,Product Design 黃俊銘專題小組,http://www.facebook.com/115525098534787,"各位先生女士們; 最近一年一度的全校模範生選舉又要到了 希望大家能把神~聖的一票投給-------- 1號黃俊銘~~~~~~ 別忘記,是1號喔!!!!",http://www.facebook.com/398763773590758
臺東縣第1選舉區,黃秋,無,黃秋閤,http://www.facebook.com/264826130378988,黃秋生,http://www.facebook.com/483227451694544,黃秋泉導師日誌,http://www.facebook.com/434887773295847,黃秋葵的有機家園~在鹿草,http://www.facebook.com/551905594839559
臺東縣第1選舉區,吳景槐,中國國民黨
臺東縣第1選舉區,陳志峰,無,陳志峰,http://www.facebook.com/386450861418378
臺東縣第1選舉區,田石雄,中國國民黨
臺東縣第1選舉區,王飛龍,無
臺東縣第1選舉區,謝明珠,無
臺東縣第1選舉區,饒慶鈴,中國國民黨,饒慶鈴粉絲團,http://www.facebook.com/247022885384050
臺東縣第1選舉區,李建智,中國國民黨
臺東縣第1選舉區,黃裕雄,無
臺東縣第1選舉區,周達三,中國國民黨
臺東縣第1選舉區,吳秀華,中國國民黨
臺東縣第1選舉區,彭權英,無,彭權英   台東縣議員 第一選區  參選人     澎澎  專欄,http://www.facebook.com/805906776119893,彭權英   台東縣議員 第一選區  參選人     澎澎  專欄,http://www.facebook.com/1481605778756460,親民家族   彭權英   粉絲團,http://www.facebook.com/762494657144463
臺東縣第1選舉區,廖進輝,無
臺東縣第1選舉區,林參天,無,天津台聯經貿協會文化研習營之河南少林寺嫡傳蓋世功夫_神豬拳_學習參訪團,http://www.facebook.com/757895920939788
臺東縣第1選舉區,林雅玲,無,"修平資三甲集合嘍(班代-吳信虫,副班代-林小珠,學藝-賴建貴,總務-許雅玲...同學們集合嘍)",http://www.facebook.com/364084803615238
臺東縣第2選舉區,張卓然,中國國民黨
臺東縣第3選舉區,林東滿,中國國民黨
臺東縣第3選舉區,許進榮,無
臺東縣第4選舉區,李振源,無
臺東縣第4選舉區,黃瑞華,中國國民黨
臺東縣第4選舉區,陳宏宗,中國國民黨,陳宏宗粉絲團！一天一票！,http://www.facebook.com/435679463116541
臺東縣第5選舉區,張順福,民主進步黨,"讓我們祝福張小酸小朋友5/24開刀一切順利,一起為她打氣加油!!",http://www.facebook.com/104637832961456
臺東縣第5選舉區,翁麗吟,中國國民黨
臺東縣第6選舉區,謝賢裕,中國國民黨
臺東縣第6選舉區,陳照隆,中國國民黨
臺東縣第7選舉區,王清堅,中國國民黨
臺東縣第7選舉區,方賢仁,中國國民黨
臺東縣第7選舉區,林琮翰,中國國民黨
臺東縣第7選舉區,林秀信,中國國民黨
臺東縣第7選舉區,陳．藍姆洛,台灣團結聯盟
臺東縣第7選舉區,嚴惠美,中國國民黨
臺東縣第7選舉區,郭秋孜,台灣第一民族黨
臺東縣第8選舉區,蔡義勇,中國國民黨,非暴力人民茉莉花革命 – 蔡丁貴教授 組建「救扁義勇軍」,http://www.facebook.com/492492934098439
臺東縣第8選舉區,江堅壽,中國國民黨
臺東縣第8選舉區,尤忠正,中國國民黨
臺東縣第9選舉區,張萬生,中國國民黨,催生動保司串連大會--十萬張明信片寄給馬總統,http://www.facebook.com/278496822176867,家和萬事興之張家人生,http://www.facebook.com/153309128070588
臺東縣第10選舉區,高美珠,中國國民黨
臺東縣第10選舉區,嚴亞美,無
臺東縣第10選舉區,劉純歌,中國國民黨
臺東縣第11選舉區,胡秋金,中國國民黨,胡秋金議員,http://www.facebook.com/288707444639543
臺東縣第11選舉區,伊藍‧明基努安,台灣第一民族黨,"為您記錄生命中動人的片刻,專業攝影師-伊藍 明基努安",http://www.facebook.com/447077975375533
臺東縣第12選舉區,余明志,中國國民黨,明志國小第二十四屆六年一班。導師:余吉富,http://www.facebook.com/215196345186199
臺東縣第12選舉區,張順成,無
臺東縣第12選舉區,余秀芳,中國國民黨
臺東縣第13選舉區,章正輝,中國國民黨
臺東縣第14選舉區,朱連濟,中國國民黨,朱連濟競選團隊,http://www.facebook.com/372502716235794
臺東縣第14選舉區,蔡玉玲,無,Jaclyn Tsai,http://www.facebook.com/575500702527594
臺東縣第15選舉區,林杉樹,無,2014第一屆杉林小樹夏令營,http://www.facebook.com/790302051032150
臺東縣第15選舉區,夏曼‧瑪德能,中國國民黨
臺東縣第15選舉區,曾加油,中國國民黨,曾櫟騁加油,http://www.facebook.com/458224870878453,曾莞婷為美女加油,http://www.facebook.com/145416725542735,裙襬搖搖曾雅妮加油粉絲團,http://www.facebook.com/419511408103921
臺東縣第15選舉區,黃天德,無,德天獨厚-黃維德,http://www.facebook.com/192296434122395,吉德黃氏天賞書閣,http://www.facebook.com/349162235145431
澎湖縣第1選舉區,陳百川,中國國民黨
澎湖縣第1選舉區,黃春燕,無
澎湖縣第1選舉區,蘇陳綉色,無
澎湖縣第1選舉區,許麗音,無
澎湖縣第1選舉區,郁國麟,無,郁國麟粉絲團,http://www.facebook.com/1669217866635818
澎湖縣第1選舉區,顏嘉弘,中國國民黨,顏嘉弘  第18屆澎湖縣議員候選人,http://www.facebook.com/1521574604743501
澎湖縣第1選舉區,張再興,無,南英影視科張再興導演課,http://www.facebook.com/165193916967411
澎湖縣第1選舉區,陳慧玲,民主進步黨,陳慧玲,http://www.facebook.com/366386500133744,澎湖陳慧玲,http://www.facebook.com/214790089154
澎湖縣第1選舉區,呂黃春金,民主進步黨
澎湖縣第1選舉區,吳文相,無
澎湖縣第1選舉區,陳海山,無,佛山南海陳氏宗親會,http://www.facebook.com/215794848432424,海山國小~陳金龍老師,http://www.facebook.com/268312979857834
澎湖縣第1選舉區,陳雙全,中國國民黨,陳雙全【陽光】【活力】【希望澎湖※快樂島嶼】,http://www.facebook.com/710795848940231
澎湖縣第1選舉區,許神賜,無
澎湖縣第1選舉區,藍俊逸,中國國民黨
澎湖縣第1選舉區,胡松榮,中國國民黨
澎湖縣第1選舉區,劉陳昭玲,中國國民黨
澎湖縣第1選舉區,傅靜凡,綠黨
澎湖縣第1選舉區,蔡金美,無黨團結聯盟,蔡金美,http://www.facebook.com/786753331376742,蔡美章金時代超立廟會活動,http://www.facebook.com/569320466454497,在經過6500多個日子拖磨之後，去年才終於以《犀利人妻》中的何愛琳一角入圍金鐘獎最佳女配角，她就是本月GQ封面人物「蔡淑臻」。 點選看更多蔡淑臻美麗照,http://www.facebook.com/363722287032121
澎湖縣第1選舉區,黄俊仁,無,黄俊仁,http://www.facebook.com/249549375118573
澎湖縣第2選舉區,陳振中,中國國民黨,陳振中,http://www.facebook.com/1535623356669949,中庄陳姓達俊祖振豐公後裔宗親會,http://www.facebook.com/517172658414823,佳中3-1陳耀振帶領,http://www.facebook.com/167748496601163
澎湖縣第2選舉區,成萬貫,無,成萬貫,http://www.facebook.com/265371746813302,可歌可泣不成聲色犬馬達加斯加材萬貫組,http://www.facebook.com/807736195903047
澎湖縣第2選舉區,蔡清續,無
澎湖縣第2選舉區,歐陽洲,無
澎湖縣第3選舉區,魏長源,無
澎湖縣第3選舉區,宋國進,中國國民黨
澎湖縣第3選舉區,許龍聰,無
澎湖縣第3選舉區,鄭來得,無
澎湖縣第4選舉區,楊石龍,無
澎湖縣第5選舉區,俞喜龍,無
澎湖縣第5選舉區,陳佩真,無
澎湖縣第5選舉區,葉明縣,無
澎湖縣第6選舉區,呂啓宗,無
澎湖縣第6選舉區,夏晨榮,中國國民黨
金門縣第1選舉區,林孫全,中國國民黨
金門縣第1選舉區,歐陽儀雄,中國國民黨
金門縣第1選舉區,李誠智,中國國民黨,文宣 李惟誠好智障,http://www.facebook.com/349370741743589
金門縣第1選舉區,石永城,無,石 石 在 在，永 遠 真 城,http://www.facebook.com/1525271261024146
金門縣第1選舉區,許建中,中國國民黨,中建阿許組,http://www.facebook.com/603225853046000
金門縣第1選舉區,李錫添,中國國民黨,李錫添,http://www.facebook.com/298277423713665
金門縣第1選舉區,許玉昭,中國國民黨
金門縣第1選舉區,陳滄江,民主進步黨,陳滄江,http://www.facebook.com/173281682704778
金門縣第1選舉區,陳衍利,中國國民黨,金門。議會。新鮮力。。。。陳衍利,http://www.facebook.com/330719810386364
金門縣第1選舉區,許志猛,無
金門縣第1選舉區,洪允典,中國國民黨
金門縣第1選舉區,王碧珍,無
金門縣第1選舉區,許華玉,中國國民黨
金門縣第1選舉區,唐麗輝,無,唐麗輝,http://www.facebook.com/146940822063987
金門縣第1選舉區,楊萬山,中國國民黨
金門縣第1選舉區,楊永立,中國國民黨
金門縣第1選舉區,廖進入,中國國民黨,廖進入後援會,http://www.facebook.com/274188579454080,廖進入,http://www.facebook.com/153643071336009
金門縣第1選舉區,黃啟璋,無
金門縣第1選舉區,翁銘駿,中國國民黨,翁銘駿Ｗeng Ming Chun,http://www.facebook.com/630902097005973
金門縣第2選舉區,李應文,中國國民黨
金門縣第2選舉區,陳玉珍,無
金門縣第2選舉區,陳美雲,無
金門縣第2選舉區,陳文慶,無,陳慶求老師(文化中心同學),http://www.facebook.com/201484379935403,反陳慶文粉絲團,http://www.facebook.com/224588400925213,為陳諾文先生慶祝最後一個生日活動,http://www.facebook.com/261766047196274
金門縣第2選舉區,徐鴻義,無
金門縣第2選舉區,蔡其賀,無
金門縣第2選舉區,王再生,中國國民黨
金門縣第2選舉區,蔡水游,中國國民黨
金門縣第2選舉區,周子傑,中國國民黨,周子傑小小專題生,http://www.facebook.com/382485715141817,JPM-小傑-王子-毛弟和Nick周湯豪,http://www.facebook.com/115300701942714
金門縣第2選舉區,蔡春生,中國國民黨
金門縣第2選舉區,陳志斌,中國國民黨
金門縣第2選舉區,張雲德,中國國民黨
金門縣第2選舉區,謝東龍,中國國民黨
金門縣第3選舉區,林金量,中國國民黨
金門縣第3選舉區,呂俊龍,中國國民黨
金門縣第3選舉區,洪鴻斌,中國國民黨
金門縣第3選舉區,洪輝榮,無
金門縣第3選舉區,洪麗萍,中國國民黨
連江縣第1選舉區,曹爾章,中國國民黨
連江縣第1選舉區,曹丞君,無
連江縣第1選舉區,林貽祥,中國國民黨
連江縣第1選舉區,林惠萍,中國國民黨
連江縣第1選舉區,陳書建,中國國民黨
連江縣第1選舉區,朱秀平,中國國民黨
連江縣第1選舉區,曹以標,無
連江縣第1選舉區,林明揚,中國國民黨
連江縣第2選舉區,王長明,無,"""王立""連長英明神武魅力十足精實幹練 !",http://www.facebook.com/110520595712523
連江縣第2選舉區,陳貴忠,中國國民黨
連江縣第2選舉區,周瑞國,中國國民黨,基礎忠恕瑞周天惠美國道場,http://www.facebook.com/374839272605121,基礎忠恕瑞周全真國樂團,http://www.facebook.com/142627685766624
連江縣第3選舉區,柯玉官,中國國民黨
連江縣第3選舉區,陳貽斌,中國國民黨
連江縣第4選舉區,張永江,無
連江縣第4選舉區,馮印才,無
基隆市第1選舉區,張淵翔,中國國民黨,張淵翔,http://www.facebook.com/283810034975881
基隆市第1選舉區,徐莉莉,親民黨,瑪莉亞(徐鏤僅)專屬班,http://www.facebook.com/586080911449069,☆SNSD 少女时代☆ 徐珠贤︳林允儿︳崔秀英︳权侑莉︳金孝渊︳黄美英︳李顺圭︳郑秀妍︳金泰妍,http://www.facebook.com/202655653148675,921很想徐凱莉,http://www.facebook.com/261671010514035
基隆市第1選舉區,藍敏煌,中國國民黨,藍敏煌,http://www.facebook.com/596840873724968
基隆市第1選舉區,余重城,人民民主陣線
基隆市第1選舉區,詹春陽,民主進步黨
基隆市第1選舉區,呂美玲,中國國民黨
基隆市第2選舉區,余宗珮,親民黨,余宗珮　第八屆立法委員選舉新北市第一選區親民黨候選人,http://www.facebook.com/249342298459637,余宗珮　2014基隆市第二選區（信義區）市議員候選人,http://www.facebook.com/1533065426930487
基隆市第2選舉區,陳宜,無,陳宜,http://www.facebook.com/508561929274968,宜蘭-風鼓陳  臺灣早期文物交流網,http://www.facebook.com/578576028846431,"陳靜宜醫師- CA隱形矯正, eCligner宜可麗隱形矯正",http://www.facebook.com/109091155787781,華龍國小第34屆丁丁班（詹宜定，陳彩屏）俱樂部,http://www.facebook.com/101913369858028
基隆市第2選舉區,賴正庸,無
基隆市第2選舉區,林月琴,台灣團結聯盟,214反大象腿and林月琴聯盟,http://www.facebook.com/443946318982713
基隆市第2選舉區,林家益,無,林益民的全家就是你家,http://www.facebook.com/163730460321010
基隆市第2選舉區,鄭村棋,人民民主陣線,鄭村棋老師粉絲團,http://www.facebook.com/113814268633086
基隆市第2選舉區,陳東財,民主進步黨
基隆市第2選舉區,何淑萍,中國國民黨,基隆市議員 - 何淑萍,http://www.facebook.com/230723643714908
基隆市第2選舉區,韓良圻,無,韓良圻市議員之蕃薯家族,http://www.facebook.com/362307447254903
基隆市第2選舉區,張漢土,中國國民黨
基隆市第3選舉區,林華生,無,生物教學研究室（林素華老師研究室）,http://www.facebook.com/109777739123208,中華民國紅十字會新北市樹林救生隊,http://www.facebook.com/209590489055946,龍華網工98A - 林學億老師的班導生,http://www.facebook.com/268017796562324
基隆市第3選舉區,曾紀嚴,中國國民黨
基隆市第3選舉區,江書豪,無
基隆市第3選舉區,黃小陵,人民民主陣線
基隆市第3選舉區,陳建雄,民主進步黨,陳建雄競選團隊,http://www.facebook.com/837944939549341
基隆市第3選舉區,林淑姣,無
基隆市第3選舉區,藍正宗,中國國民黨
基隆市第3選舉區,莊榮欽,中國國民黨
基隆市第3選舉區,游祥耀,民主進步黨
基隆市第3選舉區,張芳麗,中國國民黨,Hk香港二手 CD，sa cd，LPCD，K2CD，黑膠，LD，DVD優惠站（歡迎po beyond，陳百強，張國榮，梅艷芳，鄧麗君專輯放售,http://www.facebook.com/264416343752606
基隆市第3選舉區,駱智仁,中國國民黨
基隆市第4選舉區,宋瑋莉,中國國民黨,副議長宋瑋莉加油團,http://www.facebook.com/387394164631034
基隆市第4選舉區,莊敬聖,無,莊敬聖,http://www.facebook.com/313783282113835
基隆市第4選舉區,陳志和,無,陳志和,http://www.facebook.com/289874057853865,陳志和,http://www.facebook.com/1458437791063985,陳志和,http://www.facebook.com/792653074131955,三庄頭（陳卿寮、南路寮、新和順）文化志工隊,http://www.facebook.com/399998830085426,"蔡英文、陳志忠、東和玉菩提香在板橋體育場賣香,查到了「陳水扁、呂秀連槍擊案、連勝文槍擊案」",http://www.facebook.com/629041113817377,吳宜蓁和陳志嘉,http://www.facebook.com/330939683653796
基隆市第4選舉區,龔尤倩,人民民主陣線
基隆市第4選舉區,張錦煌,民主進步黨,湖東國小604班92年畢業導師楊錦煌.胡麗霞.張貴美,http://www.facebook.com/205270786167740
基隆市第4選舉區,施世明,民主進步黨,基隆市議員施世明 - 大腳,http://www.facebook.com/1387483808183812
基隆市第4選舉區,楊石城,中國國民黨,猛男議員楊石城,http://www.facebook.com/119480834735941
基隆市第5選舉區,莊錦田,親民黨
基隆市第5選舉區,俞叁發,中國國民黨,基隆市安樂區市議員 擬參選人俞叁發,http://www.facebook.com/1416191541965836
基隆市第5選舉區,鄭林清良,中國國民黨,基隆市議員鄭林清良服務處,http://www.facebook.com/176617709048143
基隆市第5選舉區,沈義傳,中國國民黨
基隆市第5選舉區,袁孔琪,人民民主陣線
基隆市第5選舉區,秦鉦,中國國民黨,基隆市議員秦鉦網路後援會!!,http://www.facebook.com/173118926190595,市議員參選人秦鉦後援會!!!,http://www.facebook.com/469804319707533
基隆市第5選舉區,洪森永,民主進步黨
基隆市第5選舉區,蔡適應,民主進步黨,基隆.蔡適應,http://www.facebook.com/114129008623973
基隆市第5選舉區,陳志成,民主進步黨,陳志成後援會,http://www.facebook.com/405158029612728,陳志成家族導聚,http://www.facebook.com/160427530764701,陳振裕子孙(志成堂),http://www.facebook.com/649910228383819,眾志成陳 In 澎湖,http://www.facebook.com/191239187620366
基隆市第6選舉區,陳江山,中國國民黨,陳氏江山。,http://www.facebook.com/273795705971145
基隆市第6選舉區,鄭可熙,無
基隆市第6選舉區,鄭怡信,無,基隆市議員 鄭怡信,http://www.facebook.com/320071731505045
基隆市第6選舉區,王奕荃,中國國民黨
基隆市第6選舉區,林明智,民主進步黨,基隆市暖暖區市議員參選人-林明智,http://www.facebook.com/738247739527941,林明智 - 筱楓,http://www.facebook.com/662910590452008
基隆市第6選舉區,王醒之,無,沉月之鑰cos团(大馬)——沉月顧名思義就是沉睡中的月之力啊~以吾王之名在此將你喚醒!!((誤,http://www.facebook.com/552257891514821
基隆市第6選舉區,連恩典,無
基隆市第7選舉區,張耿輝,無,基隆市議員 張耿輝,http://www.facebook.com/319628701384131,張耿輝,http://www.facebook.com/493416090742892,桂班。吳邦純-張淑蓮-張耿修-林燦輝,http://www.facebook.com/436398559749918
基隆市第7選舉區,吳桐茂,無,吳桐茂,http://www.facebook.com/471941299582550
基隆市第7選舉區,楊秀玉,親民黨
基隆市第7選舉區,高辜惠珍,中國國民黨
基隆市第7選舉區,張美瓊,民主進步黨,七堵區市議員候選人-張美瓊,http://www.facebook.com/222623494593648
基隆市第7選舉區,蔡旺璉,中國國民黨
基隆市第7選舉區,陳永順,中國國民黨,為同學會而開！謝謝永遠的主辦人陳大順！,http://www.facebook.com/147725295308876
基隆市第7選舉區,蘇財發,中國國民黨,蘇杭南京上海10日遊之D2@自high組..攝鏡組..發財格仔餅..亮晶晶...仲有冇其他名呀? XD,http://www.facebook.com/113929511992327
基隆市第7選舉區,陳重光,人民民主陣線,陳重光,http://www.facebook.com/532294386804022,陳重光候選人,http://www.facebook.com/346124668830752,陳重光候選人,http://www.facebook.com/100560616800224
基隆市第7選舉區,蘇仁和,民主進步黨
基隆市第7選舉區,張明麗,綠黨,挺好的 張明麗,http://www.facebook.com/269667653233903,愛新還珠格格(海陸~李晟～張睿~李佳航~潘杰明~路宏~趙麗穎~孫耀琦~高梓淇)的粉絲們都可以來這邊聊天唷~~~~,http://www.facebook.com/370518399674164,"大量收購二手cd!主要收beyond,鄧麗君,張國榮,去世的明星同金碟,演唱會dvd",http://www.facebook.com/340906792657060
基隆市第7選舉區,崔靜玫,無,崔靜玫,http://www.facebook.com/1531267303780007
基隆市第8選舉區,陳明建,無,陳建明二胡聯誼社團,http://www.facebook.com/474866849277713,陳建宏化學人氣王(緊哥)張弘明,http://www.facebook.com/145871292158917
基隆市第8選舉區,拔耐‧茹妮老王,無
基隆市第8選舉區,朱瑞祥,中國國民黨,基隆市議員-朱瑞祥Iyang Kacaw,http://www.facebook.com/669617253106562
新竹市第1選舉區,曾資程,民主進步黨
新竹市第1選舉區,鄭貴元,民主進步黨,鄭貴元服務團隊,http://www.facebook.com/654773411273801
新竹市第1選舉區,鄭宏輝,民主進步黨
新竹市第1選舉區,余振福,中國國民黨,余振福 - 余帝,http://www.facebook.com/285248928315784
新竹市第1選舉區,余邦彥,中國國民黨
新竹市第1選舉區,謝希誠,中國國民黨,謝希誠粉絲團,http://www.facebook.com/249919375197018
新竹市第1選舉區,鄭正鈐,中國國民黨,Stand By You~新竹市議員鄭正鈐,http://www.facebook.com/186612874691719,國民黨新竹市東區市議員候選人鄭正鈐網路後援會,http://www.facebook.com/166264731090
新竹市第1選舉區,王瑄,無,王瑄,http://www.facebook.com/1483467111896537,王韻瑄-阿草,http://www.facebook.com/125241180903998,苡瑄王社,http://www.facebook.com/226560690807780,Ｎｏ６幸福小窩✭米京妮瑄嗚婷智商一百八之老鼠娃娃王子公主們要乖乖聽話ღ,http://www.facebook.com/471604739516465,王承b小屁孩現在還在幫爸爸吹喇叭他還喜歡宇瑄小妹妹,http://www.facebook.com/494136083933132
新竹市第1選舉區,段孝芳,中國國民黨,段孝芳,http://www.facebook.com/541703565931576
新竹市第1選舉區,張祖琰,中國國民黨,新竹市議員-張祖琰,http://www.facebook.com/327991167353722
新竹市第1選舉區,劉聲正,台灣團結聯盟
新竹市第1選舉區,鍾淑英,中國國民黨
新竹市第1選舉區,羅文熾,無
新竹市第1選舉區,楊志翔,綠黨,嗆爆楊志翔,http://www.facebook.com/712534362138569
新竹市第1選舉區,謝治,新黨,新竹市議員候選人 謝治,http://www.facebook.com/746414922090438,長庚甜姐兒物治謝金燕之最正legging穿搭姊,http://www.facebook.com/750481108299188,謝厝寮_水治,http://www.facebook.com/379449458857251
新竹市第1選舉區,曹永明,親民黨
新竹市第1選舉區,李炳煌,無
新竹市第1選舉區,李國璋,中國國民黨,李國璋,http://www.facebook.com/1486375158267655,新竹市東區市議員候選人李國璋競選總部,http://www.facebook.com/295013417368612,五邑工商總會馮平山夫人李穎璋學校立即撤回國民教育,http://www.facebook.com/279717032140999
新竹市第1選舉區,羅華強,無,東華運休觀遊系男籃--強者的修羅之路,http://www.facebook.com/135461823191699,"華岡羅浮群之超強""玩""隊",http://www.facebook.com/183077815083878,支持羅神，支持南華成為宇宙最強 (Support Mr Lo; SCAA will be the strongest in the universe),http://www.facebook.com/103806211898
新竹市第1選舉區,廖婉君,無,為愛而來，廖婉君與您築夢,http://www.facebook.com/1516432988594118,♥廖婉君 新娘祕書整體造型♥,http://www.facebook.com/152705521518371,《忠信2008(97)級RWb廖婉君的月光寶盒歐斯曼菲》,http://www.facebook.com/185304564820765,《忠信2010(99)級RWb廖婉君的月光寶盒歐斯曼菲》,http://www.facebook.com/100726770004470
新竹市第1選舉區,程澎澎,無,國立澎湖科技大學-電信工程系,http://www.facebook.com/375808399128215,101國立澎湖科大---電信工程系,http://www.facebook.com/102660826558138,國立澎湖科技大學資訊工程系,http://www.facebook.com/177285332256
新竹市第1選舉區,方俊評,無,方俊評  新竹東區市議員 網路競選總部,http://www.facebook.com/1457632891184721
新竹市第1選舉區,蕭吉隆,無,蕭吉隆 新竹市東區市議員參選人,http://www.facebook.com/261548070705910
新竹市第2選舉區,許修睿,無,許修睿服務處,http://www.facebook.com/110785168972655
新竹市第2選舉區,施乃如,民主進步黨,竹塹南區新活力 - 施乃如粉絲團,http://www.facebook.com/1488156861398934
新竹市第2選舉區,許文棟,無,許文棟服務小站,http://www.facebook.com/592055020851408
新竹市第2選舉區,徐信芳,中國國民黨,忠信2007(96)級DJa徐水芳的月光寶盒歐斯曼菲,http://www.facebook.com/187702124592995,忠信2010(99)級DJa徐水芳的月光寶盒歐斯曼菲,http://www.facebook.com/119115781494848,忠信2013(102)級DJa徐水芳月光寶盒歐斯曼菲,http://www.facebook.com/146890898709212
新竹市第2選舉區,何佳樺,中國國民黨,新活力、新動力、 幸福園地 - 何佳樺（南區市議員參選人）,http://www.facebook.com/650711745023768
新竹市第2選舉區,宋金海,無,宋金海,http://www.facebook.com/895490857131579
新竹市第2選舉區,林碧霞,台灣團結聯盟,新竹市議員參選人 林碧霞校長,http://www.facebook.com/299800676844390,大林三姨-碧霞宮,http://www.facebook.com/277460875747937
新竹市第2選舉區,鍾淑姬,無,鍾淑姬的市議員參選日記,http://www.facebook.com/689537001120185
新竹市第2選舉區,田雅芳,無,愛人如己，田雅芳為您服務,http://www.facebook.com/258129784277503
新竹市第3選舉區,鄭正宗,民主進步黨
新竹市第3選舉區,呂於台,中國國民黨,呂於台,http://www.facebook.com/375346052571361
新竹市第3選舉區,陳治雄,中國國民黨,新竹市西區市議員參選人      陳治雄,http://www.facebook.com/1462172067348219,西區市議員侯選人陳治雄競選服務處,http://www.facebook.com/698494673546452
新竹市第3選舉區,熊哲良,親民黨,新竹市西區市議員參選人熊哲良後援會,http://www.facebook.com/260724964116767
新竹市第3選舉區,駱克欽,無
新竹市第4選舉區,吳秋穀,民主進步黨,吳秋穀改變看我粉絲團,http://www.facebook.com/1452276098368199
新竹市第4選舉區,蕭志潔,中國國民黨,新竹市議員-蕭志潔,http://www.facebook.com/677535235634940
新竹市第4選舉區,吳青山,中國國民黨,新竹市北區市議員 吳青山,http://www.facebook.com/791548727562233
新竹市第4選舉區,陳清全,無,北區市議員候選人（陳清全）後援會,http://www.facebook.com/710147579066318,北區市議員候選人（陳清全）後援會,http://www.facebook.com/825960800769095,陳伶伶出清全新/二手個人小倉庫,http://www.facebook.com/874175619263343,新竹市北區議員陳清全後援會,http://www.facebook.com/637617189685989
新竹市第4選舉區,彭昆耀,無,彭昆耀,http://www.facebook.com/298571840350102
新竹市第4選舉區,王銘宗,無
新竹市第4選舉區,謝文進,無,進擊的!! 社工實習(一)  謝文蒨老師組,http://www.facebook.com/371925756243200,小港國小第50屆(84年畢業)或小港國中第28屆(87年畢業)校友區  (進入後請看右邊文件公告區 謝謝),http://www.facebook.com/281212178575522,"復興的,記得來逛逛喔(包括以前是復興也可進ㄛ),多貼文,謝謝ㄌ",http://www.facebook.com/266304483455784
新竹市第4選舉區,湯新如,無,湯新如-新竹北區市議員參選人競選服務網,http://www.facebook.com/373335279486577,"按讚就抽泡湯券~!!於8/11-至8/31止,如看見易福團購新訊息,按讚就有機會得到兩張名流湯村泡湯券",http://www.facebook.com/255065821183796
新竹市第4選舉區,林殷如,無,林殷如-新竹市議員候選人-北區,http://www.facebook.com/572870129484126
新竹市第4選舉區,顏政德,中國國民黨,顏政德 服務團隊,http://www.facebook.com/226424320737175,顏政德(Andy)服務團隊,http://www.facebook.com/189888291027027
新竹市第4選舉區,林飛鵬,無
新竹市第4選舉區,黃美慧,無
新竹市第4選舉區,孫鍚洲,無
新竹市第4選舉區,李姸慧,無
新竹市第5選舉區,林盈徹,民主進步黨
新竹市第5選舉區,陳啓源,無
新竹市第5選舉區,賀玉燕,中國國民黨
新竹市第5選舉區,鄭成光,中國國民黨
新竹市第5選舉區,吳國寶,無,吳國寶,http://www.facebook.com/871546686204671,吳舜田國際寶石鑑定研習中心,http://www.facebook.com/163198570397889
新竹市第5選舉區,王明魁,無
新竹市第5選舉區,林梅華,無
新竹市第5選舉區,林耕仁,中國國民黨,林耕仁,http://www.facebook.com/191290960914397
新竹市第5選舉區,黃彥儒,無,香山蝴蝶君．黃彥儒．入政,http://www.facebook.com/654937237925412,黃彥儒,http://www.facebook.com/179485722145505
新竹市第6選舉區,林慈愛,中國國民黨,林慈愛-平地原住民Amis粉絲團,http://www.facebook.com/1516557605252035,大林慈元身心靈教育學院<我愛你們>,http://www.facebook.com/310841245664578,可愛。林育慈粉絲團,http://www.facebook.com/272889519479815,社團法人高雄市鳳林觀音慈愛會,http://www.facebook.com/198958650193210
新竹市第6選舉區,劉美玲,無,劉美玲 Yusiy,http://www.facebook.com/1491093847813891,成功國中第四屈.黃麗美.楊隆貴.蔡優滋.劉春足.劉怡洵.鄭以坡.林良彬.林善宏.林永旭.吳月娥.江淑玲,http://www.facebook.com/549417351807129
新竹市第6選舉區,鄭主,無,白雁自主健康管理學-鄭秀子講師,http://www.facebook.com/183810558487821,吊鄭主任團(6C),http://www.facebook.com/384439061595343
嘉義市第1選舉區,黃國村,中國國民黨
嘉義市第1選舉區,洪有仁,無
嘉義市第1選舉區,廖梅江,民主進步黨
嘉義市第1選舉區,黃秋澤,無
嘉義市第1選舉區,李奕德,無
嘉義市第1選舉區,戴寧,無,戴寧,http://www.facebook.com/462033827246735,戴寧,http://www.facebook.com/795164853848771,寧願分手也不戴綠帽,http://www.facebook.com/163969080346748
嘉義市第1選舉區,蔡永泉,台灣團結聯盟
嘉義市第1選舉區,黃盈智,民主進步黨
嘉義市第1選舉區,林瑞霞,無,林瑞霞粉絲團,http://www.facebook.com/1473818639541328
嘉義市第1選舉區,張敏琪,中國國民黨,嘉義市議員張敏琪後援會,http://www.facebook.com/219843568123276,市議員張敏琪後援會,http://www.facebook.com/309629365743529
嘉義市第1選舉區,張榮藏,無
嘉義市第1選舉區,黃露慧,民主進步黨,黃露慧議員粉絲團,http://www.facebook.com/202921733128123
嘉義市第1選舉區,蔡尚媞,樹黨
嘉義市第1選舉區,傅大偉,中國國民黨,傅大偉,http://www.facebook.com/305814095050
嘉義市第1選舉區,郭明賓,中國國民黨,郭明賓粉絲團,http://www.facebook.com/468448909885490
嘉義市第1選舉區,郭文居,中國國民黨,郭文居粉絲團,http://www.facebook.com/407315802704352
嘉義市第2選舉區,蘇澤峰,無,蘇澤峰粉絲團,http://www.facebook.com/363295830475500,蘇澤峰青年軍後援會,http://www.facebook.com/713521412026847
嘉義市第2選舉區,莊豐安,無
嘉義市第2選舉區,陳幸枝,民主進步黨,嘉義市議員陳幸枝,http://www.facebook.com/1465582037037925,陳幸枝議員粉思團,http://www.facebook.com/760471164018573
嘉義市第2選舉區,陳姿妏,無
嘉義市第2選舉區,蕭文億,中國國民黨
嘉義市第2選舉區,李孟哲,台灣團結聯盟,李孟哲白癡耶,http://www.facebook.com/136255079917524,光復果小 小曾老師 班長李孟哲 的那一屆,http://www.facebook.com/1464445410501001
嘉義市第2選舉區,陳文齡,中國國民黨
嘉義市第2選舉區,吳上明,無,"花蓮青年後援會>將在12月3日早上十點假花蓮客運總站馬吳競選總部成立,希花蓮的青年朋友能站出來一起為台灣加油, 總會長:莊明祥 活動執行長:吳建志在此",http://www.facebook.com/142605069176389,吳明翰我好想你你怎麼不快點上線，因為你一上線我才可以炮死你!!!!,http://www.facebook.com/329852630434963
嘉義市第2選舉區,譚國華,中國國民黨,中華基督教會譚李麗芬紀念中學國民教育關注組,http://www.facebook.com/417521121630782
嘉義市第2選舉區,蔡文旭,民主進步黨
嘉義市第2選舉區,蔡榮豐,無
嘉義市第2選舉區,蕭淑麗,無,蕭淑麗,http://www.facebook.com/374436415902511,蕭淑麗粉絲團,http://www.facebook.com/1567460883478103,給嘉義的未來一個機會..蕭淑麗加油,http://www.facebook.com/467744173330454
嘉義市第2選舉區,黃大祐,民主進步黨,黃大祐粉絲團,http://www.facebook.com/1502671549953876,黃大祐,http://www.facebook.com/105518826272468
嘉義市第2選舉區,鄭光宏,中國國民黨
嘉義市第2選舉區,張秀華,中國國民黨,張秀華粉絲團,http://www.facebook.com/291116504367985,張秀華 無所不談,http://www.facebook.com/725774380784720
嘉義市第2選舉區,廖天隆,無
嘉義市第2選舉區,李忠曆,無,嘉義市議員李忠曆,http://www.facebook.com/782838818427073
嘉義市第2選舉區,王美惠,民主進步黨,王美惠 Katie Wong,http://www.facebook.com/105919716175627,嘉義市議員王美惠,http://www.facebook.com/105497726206174,鹿港救國團讀經班(王惠美立委辦事處旁),http://www.facebook.com/649080128473227
