新竹縣竹北市,張碧琴,中國國民黨,張碧琴,http://www.facebook.com/171272043001096,張碧琴,http://www.facebook.com/714621548601008
新竹縣竹北市,何淦銘,無,竹北市長參選人 何淦銘相挺粉絲團,http://www.facebook.com/372705242763793
新竹縣竹東鎮,徐兆璋,中國國民黨
新竹縣新埔鎮,陳英樓,中國國民黨,陳英樓,http://www.facebook.com/327154544134258
新竹縣新埔鎮,林保祿,無,林保祿,http://www.facebook.com/499592276839077,<Rock Jesus>丹林聖保祿青年會,http://www.facebook.com/446852052017043,聖保祿6A~6E林師奶夫論壇,http://www.facebook.com/145232105533125
新竹縣關西鎮,曾錦祥,無
新竹縣關西鎮,陳耀湘,中國國民黨
新竹縣關西鎮,吳發仁,無,關西鎮長 吳發仁,http://www.facebook.com/832822900084734
新竹縣湖口鄉,林志華,中國國民黨,林志華授徒洪拳徐逸昇龍獅團,http://www.facebook.com/274570919255
新竹縣湖口鄉,陳基曜,無,陳基曜   第17屆湖口鄉鄉長參選人,http://www.facebook.com/1475500246062489
新竹縣湖口鄉,羅世洞,無,羅世洞 湖口鄉長候選人,http://www.facebook.com/1509579235947696
新竹縣新豐鄉,徐茂淦,中國國民黨
新竹縣芎林鄉,莊雲嬌,中國國民黨
新竹縣芎林鄉,劉展原,無
新竹縣橫山鄉,古榮耀,中國國民黨
新竹縣北埔鄉,陳慶德,無,陳尊德牧師的重慶教會時期,http://www.facebook.com/197099967013459
新竹縣北埔鄉,涂春海,中國國民黨
新竹縣北埔鄉,姜良明,民主進步黨
新竹縣寶山鄉,范玉燕,無
新竹縣寶山鄉,邱坤桶,中國國民黨
新竹縣峨眉鄉,江寧增,中國國民黨
新竹縣峨眉鄉,郭光熙,無
新竹縣尖石鄉,曾國大,中國國民黨,曾沛慈大馬國際后援会,http://www.facebook.com/191153741062042,82年大甲國中<325畢業>導師<曾滿郎>,http://www.facebook.com/318901891498249,大家曾經都是國小生!!!!,http://www.facebook.com/226522084056266
新竹縣尖石鄉,邱文生,無,邱子文高中學校學生會 <<Wishes>>,http://www.facebook.com/190604151028611,2013/14邱子文學生群組,http://www.facebook.com/630854220291146
新竹縣尖石鄉,雲天寶,中國國民黨,雲天寶 - Losing Asan,http://www.facebook.com/1475837146016208,天線秀雲寶ㄉ天空大軍,http://www.facebook.com/190885980936300,雲林縣四湖鄉內湖村桂山章寶宮(天上聖母,http://www.facebook.com/362810010408187,巴伐利亞 德國工藝 BMW寶馬車友新中古交流區(藍天白雲),http://www.facebook.com/559716867446292
新竹縣五峰鄉,羅俊敏,無
新竹縣五峰鄉,秋振昌,無,秋振昌,http://www.facebook.com/327120477467073
新竹縣五峰鄉,葛忠義,中國國民黨
新竹縣五峰鄉,陳世文,無
苗栗縣苗栗市,邱其煌,無
苗栗縣苗栗市,邱炳坤,無
苗栗縣苗栗市,鄒玉梅,中國國民黨,鄒玉梅,http://www.facebook.com/429744150499243
苗栗縣苑裡鎮,張顧礫,無
苗栗縣苑裡鎮,杜文卿,無,杜文卿粉絲團,http://www.facebook.com/135681563169676
苗栗縣通霄鎮,巫恒昭,無,巫恒昭粉絲團,http://www.facebook.com/1431780500417475
苗栗縣通霄鎮,徐永煌,無
苗栗縣竹南鎮,康世明,無
苗栗縣竹南鎮,陳冠興,中國國民黨
苗栗縣頭份鎮,徐定禎,無,徐定禎,http://www.facebook.com/1464786747128444
苗栗縣頭份鎮,黃盛和,中國國民黨
苗栗縣後龍鎮,朱秋隆,中國國民黨
苗栗縣後龍鎮,蔡坤松,無
苗栗縣卓蘭鎮,詹坤金,中國國民黨
苗栗縣卓蘭鎮,詹明光,中國國民黨
苗栗縣大湖鄉,胡娘妹,中國國民黨,大湖鄉長候選人胡娘妹粉絲團,http://www.facebook.com/453861448086649,大湖鄉長候選人胡娘妹後援會,http://www.facebook.com/696794370459841
苗栗縣大湖鄉,陳永福,中國國民黨,新北市議員 陳永福,http://www.facebook.com/162701220453187,陳永福,http://www.facebook.com/247927698566359,陳德聚堂（臺南市中西區永福路二段152巷20號）,http://www.facebook.com/1437983456465657
苗栗縣公館鄉,賴源順,無,賴源順選民服務專頁,http://www.facebook.com/255090744682670
苗栗縣公館鄉,曾美露,中國國民黨
苗栗縣銅鑼鄉,謝昌年,無
苗栗縣銅鑼鄉,謝其全,中國國民黨
苗栗縣南庄鄉,李清枝,中國國民黨
苗栗縣南庄鄉,賴盛為,中國國民黨
苗栗縣頭屋鄉,楊謝國,無
苗栗縣頭屋鄉,江村貴,中國國民黨
苗栗縣三義鄉,鄭淑如,無
苗栗縣三義鄉,徐文達,中國國民黨,達滎文理補習班(徐薇英文達滎分校),http://www.facebook.com/772246252825529,達滎文理補習班(徐薇英文達滎分校),http://www.facebook.com/595787887200691
苗栗縣西湖鄉,李文林,中國國民黨,反李文林(六忠),http://www.facebook.com/171608066243267
苗栗縣西湖鄉,古木賢,無
苗栗縣造橋鄉,黃純德,中國國民黨,瀑布哥小黃歸國之髒髒德把到清純學生幼齒妹脫離單身團,http://www.facebook.com/350433551751683
苗栗縣三灣鄉,梁召明,中國國民黨
苗栗縣三灣鄉,溫志強,中國國民黨,MATH 11O'CAMP 最溫馨最強大組—黃宗集志社﹗,http://www.facebook.com/192366437493509
苗栗縣三灣鄉,李聲生,中國國民黨,"有錢大家洗，軒哥不想大家""不努而鑊""，要大家叫聲""軒哥""教曉同學要付出才有收鑊。李+X捐錢俾港大，港大醫學院咪立即改名，唔通李生有錯嗎？",http://www.facebook.com/124026650993770
苗栗縣獅潭鄉,賴癸章,中國國民黨
苗栗縣獅潭鄉,黃媋蘭,無
苗栗縣泰安鄉,陳吉基,中國國民黨,陳吉基活力青年團,http://www.facebook.com/517181121759112
苗栗縣泰安鄉,楊政孝,中國國民黨,楊政孝,http://www.facebook.com/786041701442749
苗栗縣泰安鄉,劉美蘭,無
彰化縣彰化市,邱建富,民主進步黨,彰化市長邱建富,http://www.facebook.com/708001679234956
彰化縣彰化市,林士聖,中國國民黨,前鋒拓手林士聖,http://www.facebook.com/726115404079866,士林聖教會主日學團隊,http://www.facebook.com/1411054632447977,士林聖教會夏令營勇士團,http://www.facebook.com/738167419562817,士林天主堂聖詠團,http://www.facebook.com/1415694935332730
彰化縣鹿港鎮,黃振彥,民主進步黨,鹿港鎮長 黃振彥,http://www.facebook.com/201222480004980
彰化縣鹿港鎮,許明輝,中國國民黨,許明輝  鹿港鎮長候選人,http://www.facebook.com/504170069719066,許明輝的烘焙理論交流團,http://www.facebook.com/617694644934381,鹿港鎮長候選人許明輝粉絲團,http://www.facebook.com/346382675520063
彰化縣和美鎮,阮厚爵,中國國民黨,彰化縣議員 阮厚爵 服務團隊,http://www.facebook.com/206788109433842,彰化縣議員 阮厚爵(阿亮),http://www.facebook.com/200429806644244
彰化縣和美鎮,郭德勝,無
彰化縣和美鎮,謝火煉,無
彰化縣和美鎮,林招膨,台灣團結聯盟
彰化縣線西鄉,劉彩雲,中國國民黨
彰化縣線西鄉,蘇賜木,無
彰化縣線西鄉,黃寶川,中國國民黨
彰化縣伸港鄉,柯金德,無,大德村-北極殿柯象金尊,http://www.facebook.com/208370312604599
彰化縣伸港鄉,曾煥彰,中國國民黨,曾煥彰 尚打拼ㄟ．伸港囝仔．建設新伸港,http://www.facebook.com/633588213360752
彰化縣伸港鄉,周富隆,無,周富隆,http://www.facebook.com/739000916162409
彰化縣福興鄉,粘禮淞,無,福興鄉長粘禮淞,http://www.facebook.com/326170710882453
彰化縣福興鄉,陳進丁,民主進步黨,堅強再起-陳進丁,http://www.facebook.com/121135981267651
彰化縣秀水鄉,梁禎祥,民主進步黨
彰化縣秀水鄉,丁金山,中國國民黨,丁金山,http://www.facebook.com/928331903847070
彰化縣秀水鄉,王瑞雄,無,王瑞雄服務團隊,http://www.facebook.com/682987701792392,章魚小丸子命名人 = 海賊王~章魚小丸子之大章魚(高雄瑞豐夜市),http://www.facebook.com/166181806743337
彰化縣花壇鄉,邱海,中國國民黨,花壇鄉長候選人 邱海 加油團隊,http://www.facebook.com/713932782018737,海山鑑識邱小隊長追悼團隊,http://www.facebook.com/128592360621261,【用♥感覺】----邱博文博物館+黑夜的海上咖啡館,http://www.facebook.com/593301797402196,海山高工機械三丁~幫幫邱建順,http://www.facebook.com/224445797697504
彰化縣花壇鄉,李成濟,民主進步黨,花壇鄉鄉長-李成濟,http://www.facebook.com/277181982393162,李成濟,http://www.facebook.com/199373283465558,花壇要爭氣 鄉長李成濟,http://www.facebook.com/310862875631966
彰化縣芬園鄉,洪慶章,無
彰化縣芬園鄉,劉玉秋,民主進步黨,劉玉秋競選團隊,http://www.facebook.com/530094797124331
彰化縣員林鎮,張錦昆,中國國民黨,員林鎮長 張錦昆,http://www.facebook.com/1413850188835421,彰化縣議員張錦昆,http://www.facebook.com/227742303914189
彰化縣員林鎮,陳素月,民主進步黨
彰化縣溪湖鎮,楊福建,民主進步黨,楊福建,http://www.facebook.com/611557298913024
彰化縣溪湖鎮,施興隆,中國國民黨,溪湖鎮長參選人～施興隆,http://www.facebook.com/713794502013160,施興隆青年軍之友會,http://www.facebook.com/309247069280738
彰化縣溪湖鎮,黃瑞珠,無,溪湖鎮長候選人-黃瑞珠,http://www.facebook.com/612761168812470,ICC 黃 瑞 珠,http://www.facebook.com/372060956250684,台南市協進國小4年12班（民國53入學導師黃瑞珠）,http://www.facebook.com/260872724017196
彰化縣溪湖鎮,陳玉姫,無
彰化縣田中鎮,洪麗娜,中國國民黨
彰化縣田中鎮,謝文賢,無,謝文賢 田中鎮長候選人,http://www.facebook.com/646289938790304
彰化縣大村鄉,賴錫卿,民主進步黨
彰化縣大村鄉,游盛,中國國民黨,大伯公节巡游盛会,http://www.facebook.com/162716753851303,威盛游泳社與威盛鐵人,http://www.facebook.com/448947211816718,Mface《火影世界》是国内首款网页横版格斗游戏，也是一款完全在国人自主研发引擎支持下打造的网页游戏饕餮盛典。《火影世界》以其华丽的战斗画面，绚丽的忍,http://www.facebook.com/101058360060420
彰化縣大村鄉,張良烟,中國國民黨
彰化縣埔鹽鄉,楊福地,中國國民黨
彰化縣埔鹽鄉,粘錫勲,無
彰化縣埔鹽鄉,林斯明,無,明道普林斯頓,http://www.facebook.com/216520455052102,明道普林斯頓畢業班,http://www.facebook.com/137628239647690
彰化縣埔心鄉,謝采純,無
彰化縣埔心鄉,張乘瑜,民主進步黨
彰化縣永靖鄉,李詩焱,中國國民黨
彰化縣永靖鄉,賴玟諺,民主進步黨
彰化縣永靖鄉,江吉存,無
彰化縣社頭鄉,蕭國章,無
彰化縣社頭鄉,劉錦昌,民主進步黨,劉錦昌,http://www.facebook.com/385134878273515,劉錦昌老師團,http://www.facebook.com/424125277643904
彰化縣社頭鄉,蕭延青,中國國民黨
彰化縣二水鄉,鄭蒼陽,無
彰化縣二水鄉,許景輝,無
彰化縣二水鄉,陳國祐,中國國民黨
彰化縣北斗鎮,楊麗香,中國國民黨,北斗飛翔楊麗香粉絲團,http://www.facebook.com/1476464965965994,北斗鎮長楊麗香粉絲團,http://www.facebook.com/650333711647841
彰化縣北斗鎮,鄭俊宏,民主進步黨
彰化縣二林鎮,洪文程,無
彰化縣二林鎮,張國棟,中國國民黨,二林鎮長張國棟粉絲團,http://www.facebook.com/285586311641899
彰化縣二林鎮,曾萬火,無
彰化縣田尾鄉,林文華,中國國民黨,田尾鄉長參選人 林文華好友團,http://www.facebook.com/693955337307135,中華民國台灣省台北市士林區私立中國文化大學(原遠東大學)96學年級教育學院第11屆國術學系,http://www.facebook.com/123396891071250,文華高中88年畢業.導的-林嘉宏,http://www.facebook.com/202646993092459
彰化縣田尾鄉,莊仁里,中國國民黨
彰化縣田尾鄉,江昭儀,民主進步黨
彰化縣埤頭鄉,陳滄炅,無
彰化縣埤頭鄉,吳錦潭,無
彰化縣芳苑鄉,林濟民,民主進步黨,林濟民-芳苑鄉鄉長競選後援會,http://www.facebook.com/643562119059542,大林鎮同濟中學民國78年畢業三年乙班,http://www.facebook.com/129371480536047
彰化縣芳苑鄉,洪和炉,無,芳苑鄉長洪和炉後援會,http://www.facebook.com/321568784665032
彰化縣芳苑鄉,洪鴻民,無
彰化縣大城鄉,蔡鴻喜,無
彰化縣大城鄉,吳明玉,無,2014 吳玉成+陳世明設計,http://www.facebook.com/349747625192538
彰化縣大城鄉,蔡慈賢,無
彰化縣竹塘鄉,羅信典,無
彰化縣竹塘鄉,莊宜洌,無
彰化縣溪州鄉,黃盛祿,民主進步黨
彰化縣溪州鄉,黃敏男,無,溪州鄉長候選人 - 黃敏男,http://www.facebook.com/762847293777052,黃敏男應援團,http://www.facebook.com/1536578353230034
南投縣南投市,宋懷琳,中國國民黨
南投縣南投市,陳振盛,無,陳振盛︵。南投市長候選人。三叔公為您服務,http://www.facebook.com/845484582163378,陳振盛,http://www.facebook.com/699546843462916
南投縣南投市,張永興,民主進步黨,南投市市長參選人 張永興,http://www.facebook.com/495502207248116
南投縣埔里鎮,周義雄,中國國民黨,周義雄,http://www.facebook.com/124965150862835,立仁國小六戊畢業生同學會（周義雄導師班）,http://www.facebook.com/325422237552691
南投縣埔里鎮,蔡清輝,無
南投縣草屯鎮,張經魁,中國國民黨,【kepler】張經魁,http://www.facebook.com/300424253474109,張經魁友好俱樂部,http://www.facebook.com/277385602466830
南投縣草屯鎮,洪國浩,民主進步黨,草屯鎮鎮長 - 洪國浩 服務團,http://www.facebook.com/163148993736090,洪國浩,http://www.facebook.com/773739822691974
南投縣竹山鎮,王開遠,無,板遠開心動物王國~,http://www.facebook.com/284638654946084,慈小八卦王~~~~(永遠不分開),http://www.facebook.com/436886792999290
南投縣竹山鎮,黃丹怡,無
南投縣竹山鎮,曾雅倫,無,曾雅倫,http://www.facebook.com/644629845630315
南投縣竹山鎮,林本立,無
南投縣集集鎮,嚴鴻邦,中國國民黨,嚴鴻邦後援會,http://www.facebook.com/155241554561211
南投縣集集鎮,陳紀衡,樹黨
南投縣名間鄉,陳聰鑑,無,陳聰鑑 濃農粉絲團,http://www.facebook.com/1410137442602549
南投縣名間鄉,陳文德,無,名間鄉長候選人陳文德粉絲團,http://www.facebook.com/591713630941917,名間鄉長候選人陳文德粉絲團,http://www.facebook.com/883644984985486,德寶家族(深坑林文德林陳寶珠家族),http://www.facebook.com/1397516240502230
南投縣鹿谷鄉,康誌合,民主進步黨
南投縣鹿谷鄉,黃東灝,中國國民黨
南投縣中寮鄉,張永輝,無
南投縣中寮鄉,邱淑君,無
南投縣魚池鄉,陳錦倫,民主進步黨,陳錦倫,http://www.facebook.com/517239531741638
南投縣國姓鄉,戴世詮,中國國民黨,戴世詮粉絲團,http://www.facebook.com/344194629070224
南投縣國姓鄉,丘埔生,無
南投縣水里鄉,陳垂堂,無,水里鄉鄉長候選人陳垂堂,http://www.facebook.com/813246052052906
南投縣水里鄉,陳癸佑,無
南投縣信義鄉,史強,中國國民黨,史上最強116,http://www.facebook.com/177504552374679,史上最強大生器組！！！！,http://www.facebook.com/1512571238962021,史上最強迎新之蜂狂症候群,http://www.facebook.com/1487034731531714
南投縣仁愛鄉,江子信,中國國民黨,滬江高中子三信,http://www.facebook.com/291657360857430,滬江電子科信班,http://www.facebook.com/277935708883512,滬江日子三信1986,http://www.facebook.com/147910358629878
南投縣仁愛鄉,孔文博,無
雲林縣斗六市,許百芳,民主進步黨
雲林縣斗六市,謝淑亞,中國國民黨,謝淑亞,http://www.facebook.com/214564115255532
雲林縣斗南鎮,張勝雄,民主進步黨
雲林縣斗南鎮,黃博擧,中國國民黨
雲林縣斗南鎮,張清泉,無
雲林縣虎尾鎮,林文彬,民主進步黨,大一國文--化學系(林文彬),http://www.facebook.com/256666454484515
雲林縣虎尾鎮,陳威成,中國國民黨,反陳威盛ㄎㄅ屁話亂成立社團加亂取綽號上課大呼小叫社,http://www.facebook.com/213370172027924
雲林縣西螺鎮,詹捷凱,無
雲林縣西螺鎮,鄭玲惠,民主進步黨
雲林縣土庫鎮,陳慶助,無,土庫鎮長參選人陳慶助後援會,http://www.facebook.com/414287458697157
雲林縣土庫鎮,黃財福,民主進步黨,黃財福,http://www.facebook.com/487087441393510,黃財福暨李進勇文宣工讀,http://www.facebook.com/1521703981374861,民進黨提名土庫鎮長參選人  黃財福(敏春)        現任:雲林縣肉品市場股份有現公司     總經理,http://www.facebook.com/268946939932372
雲林縣土庫鎮,張聰明,無,張聰明 - 土庫ing,http://www.facebook.com/700942559982471,張聰明輔選團！,http://www.facebook.com/227270853989790,張聰明家族,http://www.facebook.com/138914706198579,聰明伶俐張家班,http://www.facebook.com/411292838985708
雲林縣土庫鎮,陳慶峰,無
雲林縣北港鎮,蕭永義,無,蕭永義,http://www.facebook.com/231526860298749
雲林縣北港鎮,張勝智,民主進步黨
雲林縣古坑鄉,黃意玲,民主進步黨,"Yi-Ling,Huang",http://www.facebook.com/1459703004254450
雲林縣古坑鄉,陳瑞斌,無,916陳瑞斌兒子女兒♥♥♥♥♥,http://www.facebook.com/158709264200548
雲林縣古坑鄉,沈勝騰,無
雲林縣古坑鄉,蔡丞毅,無
雲林縣大埤鄉,謝明平,民主進步黨
雲林縣大埤鄉,吳炎蓁,無
雲林縣莿桐鄉,廖秋蓉,民主進步黨,廖秋蓉邀請大家一起打造莿桐未來,http://www.facebook.com/729474647075738
雲林縣莿桐鄉,林琨富,無
雲林縣林內鄉,鄭嘉裕,無
雲林縣林內鄉,張維崢,民主進步黨,張維崢,http://www.facebook.com/1509608675917874
雲林縣二崙鄉,廖長慶,無,廖長慶,http://www.facebook.com/1438474366380770,廖長慶(二崙新政治),http://www.facebook.com/673112059424320
雲林縣二崙鄉,鍾福助,民主進步黨,鍾福助,http://www.facebook.com/244409162403982,為往生者《鍾月香》大德：懇請諸位法師，蓮友慈悲發心為她念佛祈福迴向，（社團之蓮友請按下本欄任何地方即可到助念活動平台參加助念）昭造心存感恩：南無阿彌陀,http://www.facebook.com/1496136683966412
雲林縣二崙鄉,廖偉晴,無,廖偉晴服務團隊,http://www.facebook.com/255704924617663
雲林縣二崙鄉,鍾合郎,無
雲林縣崙背鄉,李永茂,無
雲林縣崙背鄉,李泓儀,民主進步黨
雲林縣麥寮鄉,許忠富,民主進步黨
雲林縣麥寮鄉,陳錦城,無,OPPA(陳錦城)H.K. FANS CLUB,http://www.facebook.com/171650606187225
雲林縣麥寮鄉,蔡依蓉,無,蔡依蓉,http://www.facebook.com/781471245209541
雲林縣麥寮鄉,林松藤,無,麥寮鄉林松藤,http://www.facebook.com/746446585392351
雲林縣東勢鄉,丁棟財,民主進步黨
雲林縣東勢鄉,林維戊,無
雲林縣褒忠鄉,張政國,無
雲林縣褒忠鄉,陳建名,民主進步黨
雲林縣臺西鄉,丁睿昇,無,台西鄉長參選人丁睿昇同屆同學競選後援會,http://www.facebook.com/247661968778229
雲林縣臺西鄉,趙瑞和,民主進步黨,趙瑞和-老和,http://www.facebook.com/717922478264373
雲林縣臺西鄉,吳充裕,無
雲林縣元長鄉,蔡明水,民主進步黨
雲林縣元長鄉,李泗濱,無
雲林縣四湖鄉,蘇國瓏,無
雲林縣四湖鄉,鄭國川,無
雲林縣四湖鄉,吳源程,無
雲林縣口湖鄉,蔡永常,無,愛的宣言:我蔡金錡(常屹)永遠無限輩子最心愛的女人女友老婆壹電視主播張婯嬅愛妻。,http://www.facebook.com/182164155278891
雲林縣水林鄉,陳怡帆,民主進步黨
雲林縣水林鄉,洪丁仁,無
嘉義縣太保市,黃榮利,民主進步黨,黃榮利,http://www.facebook.com/762510043811594
嘉義縣太保市,李世淵,無,"Lee, Shih-yuan",http://www.facebook.com/131343990254736
嘉義縣太保市,董國富,無
嘉義縣太保市,賴瓊如,無
嘉義縣朴子市,王如經,民主進步黨,王如經,http://www.facebook.com/281012782030137,嘴砲烘焙王之如何讓M型社會經濟起飛,http://www.facebook.com/373053022759938,★ 我是╭如來佛祖〝玉皇大帝〞觀世音菩薩╮指定取西經特派使者↖花果山↗水濂洞↙美猴王↘齊天大聖＊孫悟空~~ 阿  帥到掉~ 渣☆,http://www.facebook.com/1425644807656976
嘉義縣朴子市,郭灯村,中國國民黨
嘉義縣布袋鎮,陳鳯梅,民主進步黨
嘉義縣布袋鎮,蔡坤彬,無,蔡坤彬,http://www.facebook.com/157581234290868
嘉義縣大林鎮,黃貞瑜,民主進步黨
嘉義縣大林鎮,簡志偉,中國國民黨
嘉義縣民雄鄉,何嘉恒,民主進步黨,何嘉恒,http://www.facebook.com/728973973834932
嘉義縣民雄鄉,涂文生,無,涂文生,http://www.facebook.com/346926275471718,興傢俱！(豐原區文昌東街37號) TEL:0978319658  李先生       0923542508涂先生,http://www.facebook.com/729078840467172
嘉義縣溪口鄉,施春煌,無
嘉義縣溪口鄉,劉純婷,民主進步黨,劉純婷〈泰咪〉是大xx,http://www.facebook.com/208132852655187
嘉義縣新港鄉,林茂盛,民主進步黨,林茂盛粉絲團,http://www.facebook.com/1443917875881570
嘉義縣六腳鄉,陳茂森,無,陳茂森粉絲團,http://www.facebook.com/1460658664223573
嘉義縣六腳鄉,郭西川,無,郭西川,http://www.facebook.com/1551612258395166,六腳之子 郭西川議員,http://www.facebook.com/1471558719779500
嘉義縣六腳鄉,陳川崎,民主進步黨
嘉義縣東石鄉,林佳瑩,無,林佳瑩社團,http://www.facebook.com/285304564932917,反對林佳瑩  ，  交網     ，啦雞社,http://www.facebook.com/610489419032988
嘉義縣東石鄉,黃石吟,民主進步黨,黃石吟,http://www.facebook.com/699491340081130
嘉義縣東石鄉,蔡敏男,無
嘉義縣義竹鄉,黃阿家,民主進步黨,黃阿家，打造義竹幸福家,http://www.facebook.com/1430606177227881,侯黃冷阿嬤家族,http://www.facebook.com/342979645800356,黃阿利幸福家族,http://www.facebook.com/185015944940131,阿月黃家搬,http://www.facebook.com/156225237755238
嘉義縣義竹鄉,顏蔡淑惠,無
嘉義縣鹿草鄉,林鳳凰,中國國民黨,林金在 鳳凰服務處,http://www.facebook.com/1401375286788912,中興森林之鳳凰木high爆家族,http://www.facebook.com/158322624252180,雲林縣鳳凰志工專區,http://www.facebook.com/1407888506090582,英郡歐洲園林社區(數位鳳凰電腦3/5~3/14)學員,http://www.facebook.com/302426929823763
嘉義縣鹿草鄉,楊秀玉,民主進步黨
嘉義縣水上鄉,劉敬祥,民主進步黨,水上•上水 劉敬祥,http://www.facebook.com/201972269961455
嘉義縣水上鄉,李俊昌,中國國民黨,李俊昌,http://www.facebook.com/635004579946562
嘉義縣中埔鄉,張聰成,中國國民黨
嘉義縣中埔鄉,李碧菁,民主進步黨,李碧菁 粉絲團,http://www.facebook.com/553886968009748
嘉義縣竹崎鄉,王焜弘,無,王焜弘,http://www.facebook.com/324953754262230
嘉義縣竹崎鄉,温良恭,無
嘉義縣梅山鄉,劉宏文,民主進步黨,劉俊宏-大一英文-資一A,http://www.facebook.com/700904936668144
嘉義縣番路鄉,邱川原,中國國民黨
嘉義縣番路鄉,林清根,民主進步黨
嘉義縣大埔鄉,黃國明,無,黎明中學國中部三年信班84年畢之人老珠黃同學會,http://www.facebook.com/136985643136281,黃明宏未來的老婆人選(中芸國小的喔),http://www.facebook.com/363638987007506,民生國小--黃明珠最後的607,http://www.facebook.com/388912131150010
嘉義縣阿里山鄉,汪志敏,無
嘉義縣阿里山鄉,杜力泉,中國國民黨
屏東縣屏東市,邱名璋,民主進步黨,邱名璋－屏東市長候選人,http://www.facebook.com/150340048496735
屏東縣屏東市,林亞蒓,中國國民黨
屏東縣潮州鎮,潘連周,無,潮州鎮長候選人-潘連周,http://www.facebook.com/1385896828337712
屏東縣潮州鎮,洪明江,民主進步黨
屏東縣潮州鎮,張云鎮,台灣團結聯盟
屏東縣東港鎮,徐志雄,民主進步黨,東港鎮長候選人 徐志雄,http://www.facebook.com/669788569770597
屏東縣東港鎮,蔡貴興,無
屏東縣恆春鎮,尤春共,無
屏東縣恆春鎮,林亞相,民主進步黨
屏東縣恆春鎮,王羚筠,無
屏東縣恆春鎮,傅宗傑,無
屏東縣恆春鎮,盧玉棟,無
屏東縣萬丹鄉,劉昭相,無
屏東縣萬丹鄉,楊武勝,中國國民黨
屏東縣萬丹鄉,林枝讚,無
屏東縣長治鄉,許玉秀,民主進步黨
屏東縣長治鄉,黃冬輝,中國國民黨
屏東縣麟洛鄉,蔡志和,民主進步黨,"蔡英文、陳志忠、東和玉菩提香在板橋體育場賣香,查到了「陳水扁、呂秀連槍擊案、連勝文槍擊案」",http://www.facebook.com/629041113817377,覺得周書弘  蔡宇嶸 和林志展帥的都可以進,http://www.facebook.com/187740648026695
屏東縣麟洛鄉,曾森財,中國國民黨
屏東縣九如鄉,劉永進,無
屏東縣九如鄉,張振亮,民主進步黨
屏東縣九如鄉,黃永隆,無,成功國中第四屈.黃麗美.楊隆貴.蔡優滋.劉春足.劉怡洵.鄭以坡.林良彬.林善宏.林永旭.吳月娥.江淑玲,http://www.facebook.com/549417351807129
屏東縣九如鄉,馮龍政,無
屏東縣里港鄉,許國華,民主進步黨,中華民國金門珠浦許氏宗親會,http://www.facebook.com/418446148291754,中華民國捍衛警察執法權，不容許任何人踐踏,http://www.facebook.com/1385194975099380,"那年我們一起追""以栗國小第49屆甲乙班""的點點滴滴與敬愛的蔡河霖.許壬揆.許瓊文.蕭麗華 老師...",http://www.facebook.com/172869889485590
屏東縣里港鄉,張有權,無,做人要互相，不要以為有的權力就能囂張!,http://www.facebook.com/113204195424573
屏東縣里港鄉,陳啟政,無
屏東縣里港鄉,趙有煌,無
屏東縣鹽埔鄉,葉明博,無,葉明博,http://www.facebook.com/324019307749595
屏東縣鹽埔鄉,呂清輝,民主進步黨,呂清輝　屏東縣鹽埔鄉長候選人,http://www.facebook.com/643639319004695
屏東縣高樹鄉,廖文賢,民主進步黨,//大同寶寶永遠都在X廖文賢老師應援站//,http://www.facebook.com/1389421017977984
屏東縣高樹鄉,王樹圍,無
屏東縣萬巒鄉,林碧乾,民主進步黨
屏東縣萬巒鄉,范佐驊,無,『優質萬巒 和樂進步』萬巒鄉鄉長候選人 范佐驊,http://www.facebook.com/698871050204575
屏東縣內埔鄉,張文寶,中國國民黨,張文寶服務團隊,http://www.facebook.com/330313373792401,張文寶,http://www.facebook.com/268459246680550
屏東縣內埔鄉,利八魁,民主進步黨
屏東縣內埔鄉,劉秋雪,台灣團結聯盟
屏東縣竹田鄉,李鳯秋,民主進步黨
屏東縣竹田鄉,李必文,台灣團結聯盟
屏東縣竹田鄉,傅民雄,無
屏東縣竹田鄉,陳懋進,無,竹田鄉長 陳懋進 -  阿進,http://www.facebook.com/1461160754157043
屏東縣新埤鄉,林愛玲,民主進步黨
屏東縣新埤鄉,曾明輝,無
屏東縣新埤鄉,林志成,中國國民黨,士林真理堂志成公園讚美操,http://www.facebook.com/235278163324527,桃園市中山國小 4年1班（教師：林志成老師）,http://www.facebook.com/1535580903323888,這不是林志成嗎 ~~~,http://www.facebook.com/138112699649723
屏東縣枋寮鄉,盧文信,無
屏東縣新園鄉,朱進程,無
屏東縣新園鄉,陳武昌,民主進步黨,陳昌平師範追思演武會籌備小組,http://www.facebook.com/217206208322351
屏東縣新園鄉,周能智,無,周能智＆新園鄉長候選人,http://www.facebook.com/250184305191441
屏東縣崁頂鄉,林家和,民主進步黨,林家和增家多優秀,http://www.facebook.com/412828812087834,馬太林部落~這裡可以看見家鄉和親人在這片美麗的土地上有美好成長的回憶,http://www.facebook.com/394174607304810,和美-林家花園,http://www.facebook.com/271464072974695
屏東縣崁頂鄉,林光華,中國國民黨,光華613 終極林老師班級,http://www.facebook.com/320744444704998,光華觀光夜市場林家豆花口渴也有飲料可解渴我們家的豆花很好吃我們也有賣飲料飲料是紅茶也很好喝如果你們有空可以來我們豆花店吃吃看我們林家豆花是在光華夜市,http://www.facebook.com/335378409882697,陽光山林華德福親子共學園,http://www.facebook.com/174812619364220
屏東縣崁頂鄉,蔡和清,無
屏東縣崁頂鄉,曾輝地,無
屏東縣林邊鄉,鄭信政,民主進步黨
屏東縣林邊鄉,陳俊吉,無,陳俊穎 (北港吉榮),http://www.facebook.com/255412247896334,陳俊吉同名社,http://www.facebook.com/239641049552354,想念陳俊吉羽球社,http://www.facebook.com/163563500465119,龍井國中309班，班導是陳俊吉的那一班！,http://www.facebook.com/193765974022615
屏東縣南州鄉,黃盈裕,無
屏東縣南州鄉,許晉榮,無
屏東縣佳冬鄉,賴清華,民主進步黨,清華大學1986級阿丁（賴丁賜）與阿寬（白淑寬）家族,http://www.facebook.com/1429379283951681
屏東縣佳冬鄉,陳賜福,無,美哉佳冬鄉!!鄉長候選人:陳賜福鄉長後援會,http://www.facebook.com/674088372613661
屏東縣佳冬鄉,龔日光,無,佳冬鄉鄉長候選 人 【龔日光】,http://www.facebook.com/1507928716088625
屏東縣琉球鄉,蔡天裕,無
屏東縣琉球鄉,陳隆進,無
屏東縣車城鄉,林錫章,民主進步黨
屏東縣車城鄉,張春桂,無
屏東縣車城鄉,林顯水,中國國民黨
屏東縣滿州鄉,熊志謀,無
屏東縣滿州鄉,古榮福,無,古榮福後援會,http://www.facebook.com/1671415359750178
屏東縣滿州鄉,余增春,無
屏東縣滿州鄉,曾瓊慧,無,曾瓊慧導師家,http://www.facebook.com/329436997113842,曾瓊慧導師家--續集,http://www.facebook.com/155614851316042,吃個導談吧~曾瓊慧老師家,http://www.facebook.com/181252741989364
屏東縣枋山鄉,溫士源,中國國民黨
屏東縣枋山鄉,洪啓能,無
屏東縣枋山鄉,周巧雲,無
屏東縣枋山鄉,許素眞,無
屏東縣三地門鄉,潘勝富,中國國民黨
屏東縣三地門鄉,車牧勒薩以‧拉勒格安Cemelesai•Ljaljegan,無,車牧勒薩以‧拉勒格安(Cemelesai Ljaljegean),http://www.facebook.com/275386869228434,車牧勒薩以‧拉勒格安(Cemelesai Ljaljegan),http://www.facebook.com/386858824717904
屏東縣三地門鄉,許阿桃,無,三地門鄉長候選人 許阿桃,http://www.facebook.com/717127231702846
屏東縣霧臺鄉,盧仁君,無
屏東縣霧臺鄉,杜正吉,無
屏東縣霧臺鄉,麥秋春,無
屏東縣霧臺鄉,杜國寶,無
屏東縣瑪家鄉,梁明輝,無
屏東縣瑪家鄉,林永彬,無,成功國中第四屈.黃麗美.楊隆貴.蔡優滋.劉春足.劉怡洵.鄭以坡.林良彬.林善宏.林永旭.吳月娥.江淑玲,http://www.facebook.com/549417351807129
屏東縣瑪家鄉,高瑞森,無
屏東縣泰武鄉,邱登星Adrucangalj.Dr•usaljiyan,中國國民黨
屏東縣泰武鄉,劉振榮,無,劉振榮,http://www.facebook.com/757796147613316
屏東縣泰武鄉,潘明福Tivoran.Kazang•ilijan,無
屏東縣來義鄉,竇望義,中國國民黨,竇望義（佳屋麥）後援會,http://www.facebook.com/375426479276173
屏東縣來義鄉,廖志強,無,廖志強,http://www.facebook.com/465686796904571
屏東縣春日鄉,高王添福,中國國民黨
屏東縣春日鄉,柯自強Langalang•Palivulj,無
屏東縣獅子鄉,孔朝Qaljayub‧•Palaeculju,中國國民黨
屏東縣獅子鄉,侯金助Kuljelje‧•gadugadu,民主進步黨
屏東縣牡丹鄉,邵世光,無
屏東縣牡丹鄉,陳英銘,中國國民黨
宜蘭縣宜蘭市,賴瑞鼎,無
宜蘭縣宜蘭市,江聰淵,民主進步黨,江聰淵,http://www.facebook.com/665524006871228
宜蘭縣宜蘭市,呂金宏,中國國民黨,宜蘭市長參選人    呂金宏,http://www.facebook.com/250829965069396,呂金宏,http://www.facebook.com/1476353212648637
宜蘭縣羅東鎮,林世奇,民主進步黨,林高動漫社★奇蹟的世代,http://www.facebook.com/278870178892556
宜蘭縣羅東鎮,林姿妙,中國國民黨,林姿妙,http://www.facebook.com/418253471585327
宜蘭縣蘇澳鎮,歐進義,民主進步黨,幸福繁榮  新蘇澳‧歐進義,http://www.facebook.com/1520661428162387,、♥是嘉義人也是東吳的人可以請進歐★。,http://www.facebook.com/393382330726926
宜蘭縣蘇澳鎮,陳金麟,中國國民黨,陳金麟議員,http://www.facebook.com/195786933913398
宜蘭縣頭城鎮,林勇樂,無,林勇任粉絲俱樂部,http://www.facebook.com/147049708776749
宜蘭縣頭城鎮,蔡文益,中國國民黨
宜蘭縣頭城鎮,曹乾舜,無
宜蘭縣礁溪鄉,林蔡焜,中國國民黨
宜蘭縣礁溪鄉,林錫忠,民主進步黨
宜蘭縣壯圍鄉,簡文魁,中國國民黨
宜蘭縣壯圍鄉,邱振來,民主進步黨
宜蘭縣員山鄉,江永和,民主進步黨,永平樂風18th 政附熱音8th 中和熱音19th 華江吉他20th,http://www.facebook.com/296144523848234
宜蘭縣冬山鄉,謝燦輝,民主進步黨
宜蘭縣冬山鄉,陳炯瑉,中國國民黨
宜蘭縣五結鄉,林義剛,中國國民黨
宜蘭縣五結鄉,簡松樹,民主進步黨,簡松樹粉絲團,http://www.facebook.com/124787424284600
宜蘭縣三星鄉,黃錫墉,民主進步黨
宜蘭縣三星鄉,林永爍,中國國民黨
宜蘭縣大同鄉,王大福,無,王爺祈福大會,http://www.facebook.com/329758883763709,五福誇大魚王國328,http://www.facebook.com/246514652060555,王暄懿(大福),http://www.facebook.com/159200744203536
宜蘭縣大同鄉,陳成功,中國國民黨,大里成功國中 312 陳名鳳老師,http://www.facebook.com/709698529118551,成功國小第九屆六年八班 導師陳錫卿,http://www.facebook.com/101656709940403,忠信學校-成功國中畢業生聯繫服務窗口-陳慧珊老師 03-5595775#1302,http://www.facebook.com/333387220068492
宜蘭縣南澳鄉,薛秋花,無,薛秋花  競選服務團隊,http://www.facebook.com/719494271437070
宜蘭縣南澳鄉,蔡世光,中國國民黨,文安之光 蔡世杰的小蘿蔔們,http://www.facebook.com/291545424232591
宜蘭縣南澳鄉,豊張述,無
宜蘭縣南澳鄉,林長輝,無,五華國小家長會102學年林宜輝會長,http://www.facebook.com/526841104065590
花蓮縣花蓮市,田智宣,民主進步黨,田智宣,http://www.facebook.com/720698407967129
花蓮縣花蓮市,吳施鴻,中國國民黨,吳施鴻後援會,http://www.facebook.com/530101727090887
花蓮縣鳳林鎮,蕭文龍,無,300-C3區第一副總監蕭文龍辦公室,http://www.facebook.com/483539171714439
花蓮縣鳳林鎮,彭宗乾,中國國民黨
花蓮縣玉里鎮,龔文俊,中國國民黨,龔文俊-玉里鎮鎮長候選人,http://www.facebook.com/1512620102283643
花蓮縣玉里鎮,張堯舜,中國國民黨,張堯舜,http://www.facebook.com/1503497089896620
花蓮縣新城鄉,錢自立,中國國民黨,00建立自己的賺錢系統，沒工作也不愁,http://www.facebook.com/473513696083036,錏都人力企業宗旨：熱心助人、渡過難關、讓自己賺錢存錢過好一點生活！歡迎大家PO工作，讓我們工作！違法立即110報警處理！謝謝！,http://www.facebook.com/419377068107012
花蓮縣新城鄉,游照春,無
花蓮縣吉安鄉,黃宣寓,無
花蓮縣吉安鄉,邱展謙,無,邱展謙服務專區,http://www.facebook.com/1543476559205178
花蓮縣吉安鄉,黃馨,中國國民黨,黃馨柔,http://www.facebook.com/139210892915967,黃金溫馨小狗窩,http://www.facebook.com/184696678406464,黃馨娘要結婚歐～～要收喜帖的點進來歐,http://www.facebook.com/736766103037794,黃氏家族溫馨碰碰車團,http://www.facebook.com/206949719323426
花蓮縣壽豐鄉,張懷文,中國國民黨
花蓮縣壽豐鄉,曾淑懿,無
花蓮縣光復鄉,謝忠淵,中國國民黨
花蓮縣光復鄉,李裕煌,中國國民黨
花蓮縣光復鄉,陳泰州,中國國民黨,陳泰州,http://www.facebook.com/1492010127680271
花蓮縣光復鄉,吳明修,無
花蓮縣光復鄉,楊智群,無
花蓮縣豐濱鄉,劉靜芳,中國國民黨
花蓮縣瑞穗鄉,陳進光,中國國民黨,陳光 --- 「讓錢自己流進來」作者的遠見,http://www.facebook.com/142739575774019
花蓮縣瑞穗鄉,許德志,無
花蓮縣瑞穗鄉,陳銘文,無
花蓮縣瑞穗鄉,魏清河,無
花蓮縣富里鄉,黃玲蘭,中國國民黨
花蓮縣富里鄉,陳彰勁,無
花蓮縣秀林鄉,張文成Bucyang•Ubus,無
花蓮縣秀林鄉,黃輝寶,中國國民黨
花蓮縣秀林鄉,李春風,無,李春風競選團隊文宣,http://www.facebook.com/328562293985035,TSAPS 桃李春風,http://www.facebook.com/171705139661428
花蓮縣萬榮鄉,蘇連進,中國國民黨
花蓮縣萬榮鄉,徐金生,無,紫砂之家 - 徐金根門生,http://www.facebook.com/549083411858300
花蓮縣卓溪鄉,金淑敏,無
花蓮縣卓溪鄉,呂必賢,中國國民黨
臺東縣臺東市,賴坤成,民主進步黨,台東190賴坤成,http://www.facebook.com/291013751068030,賴坤成,http://www.facebook.com/1552553734964190
臺東縣臺東市,張國洲,中國國民黨,張國洲,http://www.facebook.com/262699287188706
臺東縣成功鎮,郭勝文,無,嗆暴郭勝文XD,http://www.facebook.com/364533206970684
臺東縣成功鎮,陳秋豆,中國國民黨
臺東縣成功鎮,黃博昌,中國國民黨
臺東縣成功鎮,李應松,無
臺東縣關山鎮,吳國堂,中國國民黨,吳寧國文講堂,http://www.facebook.com/677824785606864,臥龍吟-S28-吳國-￡審判殿堂,http://www.facebook.com/456144964430555,東吳天堂國貿籃球友好社,http://www.facebook.com/468107143230416
臺東縣關山鎮,戴文達,中國國民黨
臺東縣關山鎮,余石吉,中國國民黨
臺東縣卑南鄉,吳信義,中國國民黨,東吳資三忠孝仁愛信義,http://www.facebook.com/166423263417364,信義區吳興會舘,http://www.facebook.com/110778949029809,台北市信義區吳興街義警中隊,http://www.facebook.com/458689647586546
臺東縣卑南鄉,許文獻,民主進步黨
臺東縣鹿野鄉,陳金花,無
臺東縣鹿野鄉,李國強,中國國民黨,史上最強國中生 --李鉅精,http://www.facebook.com/220544438115428
臺東縣鹿野鄉,陳建光,無
臺東縣池上鄉,黃麗香,中國國民黨
臺東縣池上鄉,林建宏,無
臺東縣池上鄉,賴志郎,無
臺東縣池上鄉,張堯城,無
臺東縣池上鄉,徐良坤,無
臺東縣東河鄉,陳式鴻,中國國民黨,東河鄉 陳式鴻,http://www.facebook.com/1427012707519281
臺東縣東河鄉,葉富山,中國國民黨
臺東縣長濱鄉,潘淑芳,中國國民黨
臺東縣長濱鄉,章雅豐,無
臺東縣太麻里鄉,程正俊,無,103-1廖俊裕老師正念靜坐課程俱樂部(財經與生死社工一),http://www.facebook.com/546114288865721
臺東縣太麻里鄉,林宏義,中國國民黨
臺東縣大武鄉,吳仲民,無
臺東縣大武鄉,趙宏翰,中國國民黨
臺東縣綠島鄉,李數奼,中國國民黨
臺東縣綠島鄉,鄭文仁,中國國民黨
臺東縣海端鄉,余忠義,中國國民黨
臺東縣海端鄉,余夢蝶,中國國民黨
臺東縣延平鄉,胡榮典,中國國民黨
臺東縣金峰鄉,宋賢一,中國國民黨,彰師大特教系與宋哲賢一家的,http://www.facebook.com/189884837730139
臺東縣金峰鄉,蔣爭光,無,Puljaljuyan 蔣爭光－幸福工程分享紀,http://www.facebook.com/681038035306644
臺東縣達仁鄉,張志成,無,張志成帝國,http://www.facebook.com/209931479033788,台中張志成共軛同好會,http://www.facebook.com/196662237036860
臺東縣達仁鄉,王光清,中國國民黨,清泉第24？26届。 導師：王光珩,http://www.facebook.com/628254767207373
臺東縣蘭嶼鄉,夏曼‧迦拉牧,無
臺東縣蘭嶼鄉,江多利,無
臺東縣蘭嶼鄉,郭健平,無
臺東縣蘭嶼鄉,希婻‧瑪飛洑,無,希婻‧瑪飛洑Sinan Mavivo（賴美惠）,http://www.facebook.com/332555876759665
澎湖縣馬公市,吳仁祥,民主進步黨,吳仁祥,http://www.facebook.com/1429801237254456
澎湖縣馬公市,葉竹林,無,㊣台灣柏林茶莊㊣來自新竹五峰鄉㊣春~秋~冬~的茶葉 ㊣,http://www.facebook.com/403823762977304
澎湖縣馬公市,歐中慨,中國國民黨,歐中慨,http://www.facebook.com/421230017914887
澎湖縣馬公市,吳國華,無,吳國華,http://www.facebook.com/205548602978202,高雄龍華國民小學吳老大的班,http://www.facebook.com/208251332547885,東吳大學華漢國術社,http://www.facebook.com/135343586496691,我愛吳國華fans club,http://www.facebook.com/247249015296352
澎湖縣湖西鄉,陳進兩,無
澎湖縣湖西鄉,吳政杰,中國國民黨,吳政杰,http://www.facebook.com/230712330471232
澎湖縣湖西鄉,許蘭香,中國國民黨
澎湖縣白沙鄉,莊美李,無
澎湖縣白沙鄉,吳龍河,民主進步黨
澎湖縣白沙鄉,吳凱旋,無,白沙鄉長參選人 吳凱旋,http://www.facebook.com/580940485286429
澎湖縣白沙鄉,陳定國,無,國定古蹟馬興陳宅(益源大厝),http://www.facebook.com/125118810883646,華龍國小第34屆丁丁班（詹宜定，陳彩屏）俱樂部,http://www.facebook.com/101913369858028,林飛帆，陳為廷不要再說你代表所有的公民，至少你不代表我，我只要一個民主，安定，和諧，團結的國家,http://www.facebook.com/287951158037879
澎湖縣西嶼鄉,李添進,無
澎湖縣西嶼鄉,許月里,無
澎湖縣望安鄉,許素秋,無
澎湖縣望安鄉,許賢德,無
澎湖縣七美鄉,呂啟輝,無
澎湖縣七美鄉,呂立勳,中國國民黨
金門縣金城鎮,石兆瑉,中國國民黨
金門縣金城鎮,歐陽彥木,無
金門縣金沙鎮,陳其德,中國國民黨
金門縣金湖鎮,林長鴻,中國國民黨
金門縣金湖鎮,蔡西湖,中國國民黨,湖西老蔡牛肉麵,http://www.facebook.com/1434799180072944
金門縣金寧鄉,楊忠俊,無,楊忠俊金寧鄉親後援會,http://www.facebook.com/1560678740820959
金門縣金寧鄉,陳成勇,中國國民黨,"勇三班之""跨丟鬼""  陳錦成:誰在亂叫?!",http://www.facebook.com/248956011857035,陳勇成國際粉絲後援會,http://www.facebook.com/118654211562493
金門縣烈嶼鄉,洪成發,中國國民黨
金門縣烏坵鄉,蔡永富,中國國民黨
金門縣烏坵鄉,陳金城,無,Q陳古早味黑砂糖剉冰-金城店,http://www.facebook.com/266714186831675
連江縣南竿鄉,陳振國,中國國民黨,國姓村長候選人  陳振榮,http://www.facebook.com/665832883524952,小振聲82級國平(陳錦稻),http://www.facebook.com/314146948627612
連江縣南竿鄉,林樹清,無,樹林清吉宮,http://www.facebook.com/399741170139224,樹林媽咪撿便宜-個人商品出清社團,http://www.facebook.com/862752553752576,新北市板橋新莊愛買面交團，新品/二手出清/徵物/揪團購(歡迎鄰近區域的朋友加入。三重/蘆洲/泰山/樹林/土城/中和/永和),http://www.facebook.com/573938516039335
連江縣南竿鄉,曹容華,中國國民黨
連江縣北竿鄉,吳金平,中國國民黨,吳石-吳鶴予將軍中華和平發展基金會。,http://www.facebook.com/656067914426789,吳石、吳鶴予將軍海峽兩岸三地和平基金會！,http://www.facebook.com/258182957662966,吳石、吳鶴予將軍海峽兩岸三地和平發展基金會！,http://www.facebook.com/166524516882604
連江縣北竿鄉,陳如嵐,中國國民黨
連江縣莒光鄉,謝春欗,中國國民黨
連江縣東引鄉,林德建,中國國民黨,建德 919  勇闖林偉業家,http://www.facebook.com/127746740641931
連江縣東引鄉,楊雲成,中國國民黨
